﻿<?xml version="1.0" encoding="utf-8"?>
<abapGit version="v1.0.0" serializer="LCL_OBJECT_SPRX" serializer_version="v1.0.0">
 <asx:abap xmlns:asx="http://www.sap.com/abapxml" version="1.0">
  <asx:values>
   <PROXY_HEADER>
    <item>
     <OBJECT>INTF</OBJECT>
     <OBJ_NAME>ZPIII_SI_BC000501_ERP2ERP_SYN</OBJ_NAME>
     <OBJECT_M>INTF</OBJECT_M>
     <OBJ_NAME_M>ZPIII_SI_BC000501_ERP2ERP_SYN</OBJ_NAME_M>
     <HASH_ID>A4E693258AA9DA1AB21C8658092FBE4ED4AFA66A</HASH_ID>
     <ID>&lt;portType&gt; SI_BC000501_ERP2ERP_Syn_In http://www.deppon.com/ERP/BC http://www.deppon.com/ERP/BC</ID>
     <IFR_GLOBAL>X</IFR_GLOBAL>
     <IFR_TYPE>portType</IFR_TYPE>
     <IFR_NAME>SI_BC000501_ERP2ERP_Syn_In</IFR_NAME>
     <IFR_NSPCE>http://www.deppon.com/ERP/BC</IFR_NSPCE>
     <IFR_GNSPCE>http://www.deppon.com/ERP/BC</IFR_GNSPCE>
     <GEN_VERS>0006</GEN_VERS>
     <PREFIX>ZPI</PREFIX>
     <CATEGORY>ifmmessif</CATEGORY>
     <DIRECTION>I</DIRECTION>
     <X-ML_NSPCE>http://www.deppon.com/ERP/BC</X-ML_NSPCE>
     <X-ML_NAME>SI_BC000501_ERP2ERP_Syn_In</X-ML_NAME>
     <FURTHER_DATA>&lt;asx:abap xmlns:asx=&quot;http://www.sap.com/abapxml&quot; version=&quot;1.0&quot;&gt;&lt;asx:values&gt;&lt;DATA&gt;&lt;SOAP_APPL&gt;urn:sap-com:soap:application:esr:server:710&lt;/SOAP_APPL&gt;&lt;/DATA&gt;&lt;/asx:values&gt;&lt;/asx:abap&gt;</FURTHER_DATA>
     <VERSION_ID>1606f71339f611eb8dca00000045795c</VERSION_ID>
    </item>
   </PROXY_HEADER>
   <PROXY_DATA>
    <item>
     <OBJECT>INTF</OBJECT>
     <OBJ_NAME>ZPIII_SI_BC000501_ERP2ERP_SYN</OBJ_NAME>
     <OBJECT1>CLAS</OBJECT1>
     <OBJ_NAME1>ZPICL_SI_BC000501_ERP2ERP_SYN2</OBJ_NAME1>
     <OBJECT2>CLAS</OBJECT2>
     <OBJ_NAME2>ZPICL_SI_BC000501_ERP2ERP_SYN2</OBJ_NAME2>
     <ID>&lt;CLIM&gt; SI_BC000501_ERP2ERP_Syn_In http://www.deppon.com/ERP/BC http://www.deppon.com/ERP/BC</ID>
     <IFR_TYPE>CLIM</IFR_TYPE>
     <IFR_NAME>SI_BC000501_ERP2ERP_Syn_In</IFR_NAME>
     <IFR_LANGU>EN</IFR_LANGU>
     <R3_TYPE>CLAS</R3_TYPE>
     <R3_NAME>ZPICL_SI_BC000501_ERP2ERP_SYN2</R3_NAME>
     <R3_TEXT>Proxy Class (generated)</R3_TEXT>
    </item>
    <item>
     <OBJECT>INTF</OBJECT>
     <OBJ_NAME>ZPIII_SI_BC000501_ERP2ERP_SYN</OBJ_NAME>
     <OBJECT1>INTF</OBJECT1>
     <OBJ_NAME1>ZPIII_SI_BC000501_ERP2ERP_SYN</OBJ_NAME1>
     <OBJECT2>INTF</OBJECT2>
     <OBJ_NAME2>ZPIII_SI_BC000501_ERP2ERP_SYN</OBJ_NAME2>
     <ID>&lt;portType&gt; SI_BC000501_ERP2ERP_Syn_In http://www.deppon.com/ERP/BC http://www.deppon.com/ERP/BC</ID>
     <IFR_TYPE>portType</IFR_TYPE>
     <IFR_NAME>SI_BC000501_ERP2ERP_Syn_In</IFR_NAME>
     <IFR_LANGU>EN</IFR_LANGU>
     <IFR_SCALE>-2</IFR_SCALE>
     <R3_TYPE>INTF</R3_TYPE>
     <R3_NAME>ZPIII_SI_BC000501_ERP2ERP_SYN</R3_NAME>
     <R3_TEXT>Proxy Interface (generated)</R3_TEXT>
     <CATEGORY>ifmmessif</CATEGORY>
     <DIRECTION>I</DIRECTION>
    </item>
    <item>
     <OBJECT>INTF</OBJECT>
     <OBJ_NAME>ZPIII_SI_BC000501_ERP2ERP_SYN</OBJ_NAME>
     <OBJECT1>METH</OBJECT1>
     <OBJ_NAME1>SI_BC000501_ERP2ERP_SYN_IN</OBJ_NAME1>
     <OBJECT2>METH</OBJECT2>
     <OBJ_NAME2>SI_BC000501_ERP2ERP_SYN_IN</OBJ_NAME2>
     <ID>&lt;operation&gt; SI_BC000501_ERP2ERP_Syn_In &lt;portType&gt; SI_BC000501_ERP2ERP_Syn_In http://www.deppon.com/ERP/BC http://www.deppon.com/ERP/BC</ID>
     <IFR_TYPE>operation</IFR_TYPE>
     <IFR_NAME>SI_BC000501_ERP2ERP_Syn_In</IFR_NAME>
     <IFR_LANGU>EN</IFR_LANGU>
     <IFR_SCALE>-2</IFR_SCALE>
     <R3_TYPE>METH</R3_TYPE>
     <R3_NAME>SI_BC000501_ERP2ERP_SYN_IN</R3_NAME>
     <R3_SEQNUM>000001</R3_SEQNUM>
     <DIRECTION>I</DIRECTION>
     <SYNCHRON>X</SYNCHRON>
    </item>
    <item>
     <OBJECT>INTF</OBJECT>
     <OBJ_NAME>ZPIII_SI_BC000501_ERP2ERP_SYN</OBJ_NAME>
     <OBJECT1>METH</OBJECT1>
     <OBJ_NAME1>SI_BC000501_ERP2ERP_SYN_IN</OBJ_NAME1>
     <OBJECT2>PAEX</OBJECT2>
     <OBJ_NAME2>OUTPUT</OBJ_NAME2>
     <OBJECT_R>TABL</OBJECT_R>
     <OBJ_NAME_R>ZPIMT_BC000501_RES</OBJ_NAME_R>
     <ID>&lt;output&gt; output &lt;operation&gt; SI_BC000501_ERP2ERP_Syn_In &lt;portType&gt; SI_BC000501_ERP2ERP_Syn_In http://www.deppon.com/ERP/BC http://www.deppon.com/ERP/BC</ID>
     <IFR_TYPE>PartOutput</IFR_TYPE>
     <IFR_NAME>output</IFR_NAME>
     <IFR_SCALE>-2</IFR_SCALE>
     <R3_TYPE>PAEX</R3_TYPE>
     <R3_NAME>OUTPUT</R3_NAME>
     <R3_SEQNUM>000002</R3_SEQNUM>
    </item>
    <item>
     <OBJECT>INTF</OBJECT>
     <OBJ_NAME>ZPIII_SI_BC000501_ERP2ERP_SYN</OBJ_NAME>
     <OBJECT1>METH</OBJECT1>
     <OBJ_NAME1>SI_BC000501_ERP2ERP_SYN_IN</OBJ_NAME1>
     <OBJECT2>PAIM</OBJECT2>
     <OBJ_NAME2>INPUT</OBJ_NAME2>
     <OBJECT_R>TABL</OBJECT_R>
     <OBJ_NAME_R>ZPIMT_BC000501_RES</OBJ_NAME_R>
     <ID>&lt;input&gt; input &lt;operation&gt; SI_BC000501_ERP2ERP_Syn_In &lt;portType&gt; SI_BC000501_ERP2ERP_Syn_In http://www.deppon.com/ERP/BC http://www.deppon.com/ERP/BC</ID>
     <IFR_TYPE>PartInput</IFR_TYPE>
     <IFR_NAME>input</IFR_NAME>
     <IFR_SCALE>-2</IFR_SCALE>
     <R3_TYPE>PAIM</R3_TYPE>
     <R3_NAME>INPUT</R3_NAME>
     <R3_SEQNUM>000001</R3_SEQNUM>
    </item>
   </PROXY_DATA>
  </asx:values>
 </asx:abap>
</abapGit>
