﻿<?xml version="1.0" encoding="utf-8"?>
<abapGit version="v1.0.0" serializer="LCL_OBJECT_SPRX" serializer_version="v1.0.0">
 <asx:abap xmlns:asx="http://www.sap.com/abapxml" version="1.0">
  <asx:values>
   <PROXY_HEADER>
    <item>
     <OBJECT>TABL</OBJECT>
     <OBJ_NAME>ZPIDT_BC000501_REQ</OBJ_NAME>
     <OBJECT_M>TABL</OBJECT_M>
     <OBJ_NAME_M>ZPIDT_BC000501_REQ</OBJ_NAME_M>
     <HASH_ID>63583C2AD8856063871D57A767BE18DDB2A7BEEF</HASH_ID>
     <ID>&lt;type&gt; DT_BC000501_Req http://www.deppon.com/ERP/BC http://www.deppon.com/ERP/BC</ID>
     <IFR_GLOBAL>X</IFR_GLOBAL>
     <IFR_TYPE>type</IFR_TYPE>
     <IFR_NAME>DT_BC000501_Req</IFR_NAME>
     <IFR_NSPCE>http://www.deppon.com/ERP/BC</IFR_NSPCE>
     <IFR_GNSPCE>http://www.deppon.com/ERP/BC</IFR_GNSPCE>
     <GEN_VERS>0005</GEN_VERS>
     <PREFIX>ZPI</PREFIX>
     <CATEGORY>ifmtypedef</CATEGORY>
     <X-ML_NSPCE>http://www.deppon.com/ERP/BC</X-ML_NSPCE>
     <X-ML_NAME>DT_BC000501_Req</X-ML_NAME>
     <VERSION_ID>124a96ee91fa11eb8bbc00000045795a</VERSION_ID>
    </item>
   </PROXY_HEADER>
   <PROXY_DATA>
    <item>
     <OBJECT>TABL</OBJECT>
     <OBJ_NAME>ZPIDT_BC000501_REQ</OBJ_NAME>
     <OBJECT1>FIEL</OBJECT1>
     <OBJ_NAME1>ACCESS_KEY</OBJ_NAME1>
     <OBJECT2>FIEL</OBJECT2>
     <OBJ_NAME2>ACCESS_KEY</OBJ_NAME2>
     <ID>&lt;element&gt; accessKey &lt;type&gt; DT_BC000501_Req http://www.deppon.com/ERP/BC http://www.deppon.com/ERP/BC</ID>
     <IFR_TYPE>element</IFR_TYPE>
     <IFR_NAME>accessKey</IFR_NAME>
     <IFR_LANGU>EN</IFR_LANGU>
     <IFR_TAGTYP>E</IFR_TAGTYP>
     <IFR_MINOCC>1</IFR_MINOCC>
     <IFR_MAXOCC>1</IFR_MAXOCC>
     <IFR_XSDTYP>string</IFR_XSDTYP>
     <IFR_SCALE>-2</IFR_SCALE>
     <R3_TYPE>FIEL</R3_TYPE>
     <R3_NAME>ACCESS_KEY</R3_NAME>
     <R3_DATATYP>STRG</R3_DATATYP>
     <R3_SEQNUM>000003</R3_SEQNUM>
    </item>
    <item>
     <OBJECT>TABL</OBJECT>
     <OBJ_NAME>ZPIDT_BC000501_REQ</OBJ_NAME>
     <OBJECT1>FIEL</OBJECT1>
     <OBJ_NAME1>AUTHOR_TYPE</OBJ_NAME1>
     <OBJECT2>FIEL</OBJECT2>
     <OBJ_NAME2>AUTHOR_TYPE</OBJ_NAME2>
     <ID>&lt;element&gt; authorType &lt;type&gt; DT_BC000501_Req http://www.deppon.com/ERP/BC http://www.deppon.com/ERP/BC</ID>
     <IFR_TYPE>element</IFR_TYPE>
     <IFR_NAME>authorType</IFR_NAME>
     <IFR_LANGU>EN</IFR_LANGU>
     <IFR_TAGTYP>E</IFR_TAGTYP>
     <IFR_MINOCC>1</IFR_MINOCC>
     <IFR_MAXOCC>1</IFR_MAXOCC>
     <IFR_XSDTYP>string</IFR_XSDTYP>
     <IFR_SCALE>-2</IFR_SCALE>
     <R3_TYPE>FIEL</R3_TYPE>
     <R3_NAME>AUTHOR_TYPE</R3_NAME>
     <R3_DATATYP>STRG</R3_DATATYP>
     <R3_SEQNUM>000005</R3_SEQNUM>
    </item>
    <item>
     <OBJECT>TABL</OBJECT>
     <OBJ_NAME>ZPIDT_BC000501_REQ</OBJ_NAME>
     <OBJECT1>FIEL</OBJECT1>
     <OBJ_NAME1>CANONICALIZE_HEADERS</OBJ_NAME1>
     <OBJECT2>FIEL</OBJECT2>
     <OBJ_NAME2>CANONICALIZE_HEADERS</OBJ_NAME2>
     <ID>&lt;element&gt; canonicalizeHeaders &lt;type&gt; DT_BC000501_Req http://www.deppon.com/ERP/BC http://www.deppon.com/ERP/BC</ID>
     <IFR_TYPE>element</IFR_TYPE>
     <IFR_NAME>canonicalizeHeaders</IFR_NAME>
     <IFR_LANGU>EN</IFR_LANGU>
     <IFR_TAGTYP>E</IFR_TAGTYP>
     <IFR_MINOCC>1</IFR_MINOCC>
     <IFR_MAXOCC>1</IFR_MAXOCC>
     <IFR_XSDTYP>string</IFR_XSDTYP>
     <IFR_SCALE>-2</IFR_SCALE>
     <R3_TYPE>FIEL</R3_TYPE>
     <R3_NAME>CANONICALIZE_HEADERS</R3_NAME>
     <R3_DATATYP>STRG</R3_DATATYP>
     <R3_SEQNUM>000009</R3_SEQNUM>
    </item>
    <item>
     <OBJECT>TABL</OBJECT>
     <OBJ_NAME>ZPIDT_BC000501_REQ</OBJ_NAME>
     <OBJECT1>FIEL</OBJECT1>
     <OBJ_NAME1>CANONICALIZE_RESOURCE</OBJ_NAME1>
     <OBJECT2>FIEL</OBJECT2>
     <OBJ_NAME2>CANONICALIZE_RESOURCE</OBJ_NAME2>
     <ID>&lt;element&gt; canonicalizeResource &lt;type&gt; DT_BC000501_Req http://www.deppon.com/ERP/BC http://www.deppon.com/ERP/BC</ID>
     <IFR_TYPE>element</IFR_TYPE>
     <IFR_NAME>canonicalizeResource</IFR_NAME>
     <IFR_LANGU>EN</IFR_LANGU>
     <IFR_TAGTYP>E</IFR_TAGTYP>
     <IFR_MINOCC>1</IFR_MINOCC>
     <IFR_MAXOCC>1</IFR_MAXOCC>
     <IFR_XSDTYP>string</IFR_XSDTYP>
     <IFR_SCALE>-2</IFR_SCALE>
     <R3_TYPE>FIEL</R3_TYPE>
     <R3_NAME>CANONICALIZE_RESOURCE</R3_NAME>
     <R3_DATATYP>STRG</R3_DATATYP>
     <R3_SEQNUM>000010</R3_SEQNUM>
    </item>
    <item>
     <OBJECT>TABL</OBJECT>
     <OBJ_NAME>ZPIDT_BC000501_REQ</OBJ_NAME>
     <OBJECT1>FIEL</OBJECT1>
     <OBJ_NAME1>CONTENT_MD5</OBJ_NAME1>
     <OBJECT2>FIEL</OBJECT2>
     <OBJ_NAME2>CONTENT_MD5</OBJ_NAME2>
     <ID>&lt;element&gt; contentMD5 &lt;type&gt; DT_BC000501_Req http://www.deppon.com/ERP/BC http://www.deppon.com/ERP/BC</ID>
     <IFR_TYPE>element</IFR_TYPE>
     <IFR_NAME>contentMD5</IFR_NAME>
     <IFR_LANGU>EN</IFR_LANGU>
     <IFR_TAGTYP>E</IFR_TAGTYP>
     <IFR_MINOCC>1</IFR_MINOCC>
     <IFR_MAXOCC>1</IFR_MAXOCC>
     <IFR_XSDTYP>string</IFR_XSDTYP>
     <IFR_SCALE>-2</IFR_SCALE>
     <R3_TYPE>FIEL</R3_TYPE>
     <R3_NAME>CONTENT_MD5</R3_NAME>
     <R3_DATATYP>STRG</R3_DATATYP>
     <R3_SEQNUM>000008</R3_SEQNUM>
    </item>
    <item>
     <OBJECT>TABL</OBJECT>
     <OBJ_NAME>ZPIDT_BC000501_REQ</OBJ_NAME>
     <OBJECT1>FIEL</OBJECT1>
     <OBJ_NAME1>CONTENT_TYPE</OBJ_NAME1>
     <OBJECT2>FIEL</OBJECT2>
     <OBJ_NAME2>CONTENT_TYPE</OBJ_NAME2>
     <ID>&lt;element&gt; contentType &lt;type&gt; DT_BC000501_Req http://www.deppon.com/ERP/BC http://www.deppon.com/ERP/BC</ID>
     <IFR_TYPE>element</IFR_TYPE>
     <IFR_NAME>contentType</IFR_NAME>
     <IFR_LANGU>EN</IFR_LANGU>
     <IFR_TAGTYP>E</IFR_TAGTYP>
     <IFR_MINOCC>1</IFR_MINOCC>
     <IFR_MAXOCC>1</IFR_MAXOCC>
     <IFR_XSDTYP>string</IFR_XSDTYP>
     <IFR_SCALE>-2</IFR_SCALE>
     <R3_TYPE>FIEL</R3_TYPE>
     <R3_NAME>CONTENT_TYPE</R3_NAME>
     <R3_DATATYP>STRG</R3_DATATYP>
     <R3_SEQNUM>000007</R3_SEQNUM>
    </item>
    <item>
     <OBJECT>TABL</OBJECT>
     <OBJ_NAME>ZPIDT_BC000501_REQ</OBJ_NAME>
     <OBJECT1>FIEL</OBJECT1>
     <OBJ_NAME1>EXPIRES</OBJ_NAME1>
     <OBJECT2>FIEL</OBJECT2>
     <OBJ_NAME2>EXPIRES</OBJ_NAME2>
     <ID>&lt;element&gt; expires &lt;type&gt; DT_BC000501_Req http://www.deppon.com/ERP/BC http://www.deppon.com/ERP/BC</ID>
     <IFR_TYPE>element</IFR_TYPE>
     <IFR_NAME>expires</IFR_NAME>
     <IFR_LANGU>EN</IFR_LANGU>
     <IFR_TAGTYP>E</IFR_TAGTYP>
     <IFR_MINOCC>1</IFR_MINOCC>
     <IFR_MAXOCC>1</IFR_MAXOCC>
     <IFR_DEFLT>3600</IFR_DEFLT>
     <IFR_XSDTYP>integer</IFR_XSDTYP>
     <IFR_SCALE>-2</IFR_SCALE>
     <R3_TYPE>FIEL</R3_TYPE>
     <R3_NAME>EXPIRES</R3_NAME>
     <R3_DATATYP>INT4</R3_DATATYP>
     <R3_SEQNUM>000006</R3_SEQNUM>
    </item>
    <item>
     <OBJECT>TABL</OBJECT>
     <OBJ_NAME>ZPIDT_BC000501_REQ</OBJ_NAME>
     <OBJECT1>FIEL</OBJECT1>
     <OBJ_NAME1>HTTP_METHOD</OBJ_NAME1>
     <OBJECT2>FIEL</OBJECT2>
     <OBJ_NAME2>HTTP_METHOD</OBJ_NAME2>
     <ID>&lt;element&gt; httpMethod &lt;type&gt; DT_BC000501_Req http://www.deppon.com/ERP/BC http://www.deppon.com/ERP/BC</ID>
     <IFR_TYPE>element</IFR_TYPE>
     <IFR_NAME>httpMethod</IFR_NAME>
     <IFR_LANGU>EN</IFR_LANGU>
     <IFR_TAGTYP>E</IFR_TAGTYP>
     <IFR_MINOCC>1</IFR_MINOCC>
     <IFR_MAXOCC>1</IFR_MAXOCC>
     <IFR_XSDTYP>string</IFR_XSDTYP>
     <IFR_SCALE>-2</IFR_SCALE>
     <R3_TYPE>FIEL</R3_TYPE>
     <R3_NAME>HTTP_METHOD</R3_NAME>
     <R3_DATATYP>STRG</R3_DATATYP>
     <R3_SEQNUM>000002</R3_SEQNUM>
    </item>
    <item>
     <OBJECT>TABL</OBJECT>
     <OBJ_NAME>ZPIDT_BC000501_REQ</OBJ_NAME>
     <OBJECT1>FIEL</OBJECT1>
     <OBJ_NAME1>SECURITY_KEY</OBJ_NAME1>
     <OBJECT2>FIEL</OBJECT2>
     <OBJ_NAME2>SECURITY_KEY</OBJ_NAME2>
     <ID>&lt;element&gt; securityKey &lt;type&gt; DT_BC000501_Req http://www.deppon.com/ERP/BC http://www.deppon.com/ERP/BC</ID>
     <IFR_TYPE>element</IFR_TYPE>
     <IFR_NAME>securityKey</IFR_NAME>
     <IFR_LANGU>EN</IFR_LANGU>
     <IFR_TAGTYP>E</IFR_TAGTYP>
     <IFR_MINOCC>1</IFR_MINOCC>
     <IFR_MAXOCC>1</IFR_MAXOCC>
     <IFR_XSDTYP>string</IFR_XSDTYP>
     <IFR_SCALE>-2</IFR_SCALE>
     <R3_TYPE>FIEL</R3_TYPE>
     <R3_NAME>SECURITY_KEY</R3_NAME>
     <R3_DATATYP>STRG</R3_DATATYP>
     <R3_SEQNUM>000004</R3_SEQNUM>
    </item>
    <item>
     <OBJECT>TABL</OBJECT>
     <OBJ_NAME>ZPIDT_BC000501_REQ</OBJ_NAME>
     <OBJECT1>FIEL</OBJECT1>
     <OBJ_NAME1>UUID</OBJ_NAME1>
     <OBJECT2>FIEL</OBJECT2>
     <OBJ_NAME2>UUID</OBJ_NAME2>
     <ID>&lt;element&gt; uuid &lt;type&gt; DT_BC000501_Req http://www.deppon.com/ERP/BC http://www.deppon.com/ERP/BC</ID>
     <IFR_TYPE>element</IFR_TYPE>
     <IFR_NAME>uuid</IFR_NAME>
     <IFR_LANGU>EN</IFR_LANGU>
     <IFR_TAGTYP>E</IFR_TAGTYP>
     <IFR_MINOCC>1</IFR_MINOCC>
     <IFR_MAXOCC>1</IFR_MAXOCC>
     <IFR_XSDTYP>string</IFR_XSDTYP>
     <IFR_SCALE>-2</IFR_SCALE>
     <R3_TYPE>FIEL</R3_TYPE>
     <R3_NAME>UUID</R3_NAME>
     <R3_DATATYP>STRG</R3_DATATYP>
     <R3_SEQNUM>000001</R3_SEQNUM>
    </item>
    <item>
     <OBJECT>TABL</OBJECT>
     <OBJ_NAME>ZPIDT_BC000501_REQ</OBJ_NAME>
     <OBJECT1>TABL</OBJECT1>
     <OBJ_NAME1>ZPIDT_BC000501_REQ</OBJ_NAME1>
     <OBJECT2>TABL</OBJECT2>
     <OBJ_NAME2>ZPIDT_BC000501_REQ</OBJ_NAME2>
     <ID>&lt;type&gt; DT_BC000501_Req http://www.deppon.com/ERP/BC http://www.deppon.com/ERP/BC</ID>
     <IFR_TYPE>type</IFR_TYPE>
     <IFR_NAME>DT_BC000501_Req</IFR_NAME>
     <IFR_LANGU>EN</IFR_LANGU>
     <IFR_SCALE>-2</IFR_SCALE>
     <R3_TYPE>TABL</R3_TYPE>
     <R3_NAME>ZPIDT_BC000501_REQ</R3_NAME>
     <R3_TEXT>Proxy Structure (generated)</R3_TEXT>
     <CATEGORY>ifmtypedef</CATEGORY>
    </item>
   </PROXY_DATA>
  </asx:values>
 </asx:abap>
</abapGit>
