﻿<?xml version="1.0" encoding="utf-8"?>
<abapGit version="v1.0.0" serializer="LCL_OBJECT_DTEL" serializer_version="v1.0.0">
 <asx:abap xmlns:asx="http://www.sap.com/abapxml" version="1.0">
  <asx:values>
   <DD04V>
    <ROLLNAME>ZAUTHORTYPE_OBS</ROLLNAME>
    <DDLANGUAGE>1</DDLANGUAGE>
    <DOMNAME>ZAUTHORTYPE_OBS</DOMNAME>
    <HEADLEN>07</HEADLEN>
    <SCRLEN1>07</SCRLEN1>
    <SCRLEN2>07</SCRLEN2>
    <SCRLEN3>07</SCRLEN3>
    <DDTEXT>OBS认证方式</DDTEXT>
    <REPTEXT>OBS认证方式</REPTEXT>
    <SCRTEXT_S>OBS认证方式</SCRTEXT_S>
    <SCRTEXT_M>OBS认证方式</SCRTEXT_M>
    <SCRTEXT_L>OBS认证方式</SCRTEXT_L>
    <DTELMASTER>1</DTELMASTER>
    <REFKIND>D</REFKIND>
   </DD04V>
  </asx:values>
 </asx:abap>
</abapGit>
