﻿<?xml version="1.0" encoding="utf-8"?>
<abapGit version="v1.0.0" serializer="LCL_OBJECT_CLAS" serializer_version="v1.0.0">
 <asx:abap xmlns:asx="http://www.sap.com/abapxml" version="1.0">
  <asx:values>
   <VSEOCLASS>
    <CLSNAME>ZCL_SALV</CLSNAME>
    <LANGU>1</LANGU>
    <DESCRIPT>SALV</DESCRIPT>
    <STATE>1</STATE>
    <CLSCCINCL>X</CLSCCINCL>
    <FIXPT>X</FIXPT>
    <UNICODE>X</UNICODE>
   </VSEOCLASS>
   <DESCRIPTIONS>
    <SEOCOMPOTX>
     <CLSNAME>ZCL_SALV</CLSNAME>
     <CMPNAME>CONSTRUCTOR</CMPNAME>
     <LANGU>1</LANGU>
     <DESCRIPT>CONSTRUCTOR</DESCRIPT>
    </SEOCOMPOTX>
    <SEOCOMPOTX>
     <CLSNAME>ZCL_SALV</CLSNAME>
     <CMPNAME>FACTORY</CMPNAME>
     <LANGU>1</LANGU>
     <DESCRIPT>factory</DESCRIPT>
    </SEOCOMPOTX>
    <SEOCOMPOTX>
     <CLSNAME>ZCL_SALV</CLSNAME>
     <CMPNAME>GET_GRID</CMPNAME>
     <LANGU>1</LANGU>
     <DESCRIPT>获取CL_GUI_ALV_GRID对象</DESCRIPT>
    </SEOCOMPOTX>
    <SEOCOMPOTX>
     <CLSNAME>ZCL_SALV</CLSNAME>
     <CMPNAME>MR_TABLE</CMPNAME>
     <LANGU>1</LANGU>
     <DESCRIPT>Basis Class for Simple Tables</DESCRIPT>
    </SEOCOMPOTX>
    <SEOCOMPOTX>
     <CLSNAME>ZCL_SALV</CLSNAME>
     <CMPNAME>MS_LAYOUT</CMPNAME>
     <LANGU>1</LANGU>
     <DESCRIPT>SALV Layout</DESCRIPT>
    </SEOCOMPOTX>
    <SEOCOMPOTX>
     <CLSNAME>ZCL_SALV</CLSNAME>
     <CMPNAME>MT_COLUMNS</CMPNAME>
     <LANGU>1</LANGU>
     <DESCRIPT>SALV: 字段目录</DESCRIPT>
    </SEOCOMPOTX>
    <SEOCOMPOTX>
     <CLSNAME>ZCL_SALV</CLSNAME>
     <CMPNAME>SET_AGGREGATION</CMPNAME>
     <LANGU>1</LANGU>
     <DESCRIPT>设置列</DESCRIPT>
    </SEOCOMPOTX>
    <SEOCOMPOTX>
     <CLSNAME>ZCL_SALV</CLSNAME>
     <CMPNAME>SET_COLUMNS</CMPNAME>
     <LANGU>1</LANGU>
     <DESCRIPT>设置列</DESCRIPT>
    </SEOCOMPOTX>
    <SEOCOMPOTX>
     <CLSNAME>ZCL_SALV</CLSNAME>
     <CMPNAME>SET_GUI_STATUS</CMPNAME>
     <LANGU>1</LANGU>
     <DESCRIPT>设置GUI Status</DESCRIPT>
    </SEOCOMPOTX>
    <SEOCOMPOTX>
     <CLSNAME>ZCL_SALV</CLSNAME>
     <CMPNAME>SET_LAYOUT</CMPNAME>
     <LANGU>1</LANGU>
     <DESCRIPT>设置布局</DESCRIPT>
    </SEOCOMPOTX>
    <SEOCOMPOTX>
     <CLSNAME>ZCL_SALV</CLSNAME>
     <CMPNAME>SET_SCREEN_DIALOG</CMPNAME>
     <LANGU>1</LANGU>
     <DESCRIPT>设置弹窗</DESCRIPT>
    </SEOCOMPOTX>
    <SEOCOMPOTX>
     <CLSNAME>ZCL_SALV</CLSNAME>
     <CMPNAME>SET_SELECTION_MODE</CMPNAME>
     <LANGU>1</LANGU>
     <DESCRIPT>设置选择模式</DESCRIPT>
    </SEOCOMPOTX>
   </DESCRIPTIONS>
  </asx:values>
 </asx:abap>
</abapGit>
