﻿<?xml version="1.0" encoding="utf-8"?>
<abapGit version="v1.0.0" serializer="LCL_OBJECT_CLAS" serializer_version="v1.0.0">
 <asx:abap xmlns:asx="http://www.sap.com/abapxml" version="1.0">
  <asx:values>
   <VSEOCLASS>
    <CLSNAME>ZCL_OBS</CLSNAME>
    <LANGU>1</LANGU>
    <DESCRIPT>OBS</DESCRIPT>
    <STATE>1</STATE>
    <CLSCCINCL>X</CLSCCINCL>
    <FIXPT>X</FIXPT>
    <UNICODE>X</UNICODE>
    <MSG_ID>ZOBS</MSG_ID>
   </VSEOCLASS>
   <TPOOL>
    <item>
     <ID>I</ID>
     <KEY>001</KEY>
     <ENTRY>不支持打开此类型的文件。</ENTRY>
     <LENGTH>22</LENGTH>
    </item>
    <item>
     <ID>I</ID>
     <KEY>002</KEY>
     <ENTRY>选择路径</ENTRY>
     <LENGTH>14</LENGTH>
    </item>
    <item>
     <ID>I</ID>
     <KEY>C01</KEY>
     <ENTRY>状态</ENTRY>
     <LENGTH>12</LENGTH>
    </item>
   </TPOOL>
   <DESCRIPTIONS>
    <SEOCOMPOTX>
     <CLSNAME>ZCL_OBS</CLSNAME>
     <CMPNAME>ADJUST_OBJECTKEY</CMPNAME>
     <LANGU>1</LANGU>
     <DESCRIPT>调整Object Key</DESCRIPT>
    </SEOCOMPOTX>
    <SEOCOMPOTX>
     <CLSNAME>ZCL_OBS</CLSNAME>
     <CMPNAME>APP_TYPE_HTML</CMPNAME>
     <LANGU>1</LANGU>
     <DESCRIPT>HTML Viewer控件显示附件</DESCRIPT>
    </SEOCOMPOTX>
    <SEOCOMPOTX>
     <CLSNAME>ZCL_OBS</CLSNAME>
     <CMPNAME>APP_TYPE_OLE</CMPNAME>
     <LANGU>1</LANGU>
     <DESCRIPT>OLE控件显示附件</DESCRIPT>
    </SEOCOMPOTX>
    <SEOCOMPOTX>
     <CLSNAME>ZCL_OBS</CLSNAME>
     <CMPNAME>CALC_SIGNTRUE</CMPNAME>
     <LANGU>1</LANGU>
     <DESCRIPT>调用PI计算签名</DESCRIPT>
    </SEOCOMPOTX>
    <SEOCOMPOTX>
     <CLSNAME>ZCL_OBS</CLSNAME>
     <CMPNAME>CALL_OBS_HTTPCLIENT</CMPNAME>
     <LANGU>1</LANGU>
     <DESCRIPT>调用OBS HTTP Client</DESCRIPT>
    </SEOCOMPOTX>
    <SEOCOMPOTX>
     <CLSNAME>ZCL_OBS</CLSNAME>
     <CMPNAME>CLEAR_OBSLOG</CMPNAME>
     <LANGU>1</LANGU>
     <DESCRIPT>日志自动清理</DESCRIPT>
    </SEOCOMPOTX>
    <SEOCOMPOTX>
     <CLSNAME>ZCL_OBS</CLSNAME>
     <CMPNAME>CLEAR_OBS_LOG</CMPNAME>
     <LANGU>1</LANGU>
     <DESCRIPT>清理OBS日志</DESCRIPT>
    </SEOCOMPOTX>
    <SEOCOMPOTX>
     <CLSNAME>ZCL_OBS</CLSNAME>
     <CMPNAME>CLEAR_OBS_LOG_AUTO</CMPNAME>
     <LANGU>1</LANGU>
     <DESCRIPT>自动清理OBS日志</DESCRIPT>
    </SEOCOMPOTX>
    <SEOCOMPOTX>
     <CLSNAME>ZCL_OBS</CLSNAME>
     <CMPNAME>CONSTRUCTOR</CMPNAME>
     <LANGU>1</LANGU>
     <DESCRIPT>CONSTRUCTOR</DESCRIPT>
    </SEOCOMPOTX>
    <SEOCOMPOTX>
     <CLSNAME>ZCL_OBS</CLSNAME>
     <CMPNAME>COPY_ATTACHMENT</CMPNAME>
     <LANGU>1</LANGU>
     <DESCRIPT>复制对象</DESCRIPT>
    </SEOCOMPOTX>
    <SEOCOMPOTX>
     <CLSNAME>ZCL_OBS</CLSNAME>
     <CMPNAME>COPY_ATTACHMENT_NEW</CMPNAME>
     <LANGU>1</LANGU>
     <DESCRIPT>复制对象(两步实现，先下载后上载)</DESCRIPT>
    </SEOCOMPOTX>
    <SEOCOMPOTX>
     <CLSNAME>ZCL_OBS</CLSNAME>
     <CMPNAME>C_ACTION_COPY</CMPNAME>
     <LANGU>1</LANGU>
     <DESCRIPT>复制对象</DESCRIPT>
    </SEOCOMPOTX>
    <SEOCOMPOTX>
     <CLSNAME>ZCL_OBS</CLSNAME>
     <CMPNAME>C_ACTION_DELETE</CMPNAME>
     <LANGU>1</LANGU>
     <DESCRIPT>删除对象</DESCRIPT>
    </SEOCOMPOTX>
    <SEOCOMPOTX>
     <CLSNAME>ZCL_OBS</CLSNAME>
     <CMPNAME>C_ACTION_DISPLAY</CMPNAME>
     <LANGU>1</LANGU>
     <DESCRIPT>显示对象</DESCRIPT>
    </SEOCOMPOTX>
    <SEOCOMPOTX>
     <CLSNAME>ZCL_OBS</CLSNAME>
     <CMPNAME>C_ACTION_DOWNLOAD</CMPNAME>
     <LANGU>1</LANGU>
     <DESCRIPT>下载对象</DESCRIPT>
    </SEOCOMPOTX>
    <SEOCOMPOTX>
     <CLSNAME>ZCL_OBS</CLSNAME>
     <CMPNAME>C_ACTION_GETOBJLIST</CMPNAME>
     <LANGU>1</LANGU>
     <DESCRIPT>获取桶内对象列表</DESCRIPT>
    </SEOCOMPOTX>
    <SEOCOMPOTX>
     <CLSNAME>ZCL_OBS</CLSNAME>
     <CMPNAME>C_ACTION_UPLOAD</CMPNAME>
     <LANGU>1</LANGU>
     <DESCRIPT>上载对象</DESCRIPT>
    </SEOCOMPOTX>
    <SEOCOMPOTX>
     <CLSNAME>ZCL_OBS</CLSNAME>
     <CMPNAME>C_AUTHORTYPE_HEADER</CMPNAME>
     <LANGU>1</LANGU>
     <DESCRIPT>OBS认证方式:Header中携带签名</DESCRIPT>
    </SEOCOMPOTX>
    <SEOCOMPOTX>
     <CLSNAME>ZCL_OBS</CLSNAME>
     <CMPNAME>C_AUTHORTYPE_URL</CMPNAME>
     <LANGU>1</LANGU>
     <DESCRIPT>OBS认证方式:URL中携带签名</DESCRIPT>
    </SEOCOMPOTX>
    <SEOCOMPOTX>
     <CLSNAME>ZCL_OBS</CLSNAME>
     <CMPNAME>C_CONTENTTYPE_BIN</CMPNAME>
     <LANGU>1</LANGU>
     <DESCRIPT>Content Type二进制流</DESCRIPT>
    </SEOCOMPOTX>
    <SEOCOMPOTX>
     <CLSNAME>ZCL_OBS</CLSNAME>
     <CMPNAME>C_DIR_SEPFLAG</CMPNAME>
     <LANGU>1</LANGU>
     <DESCRIPT>文件目录分隔符</DESCRIPT>
    </SEOCOMPOTX>
    <SEOCOMPOTX>
     <CLSNAME>ZCL_OBS</CLSNAME>
     <CMPNAME>C_FALSE</CMPNAME>
     <LANGU>1</LANGU>
     <DESCRIPT>false</DESCRIPT>
    </SEOCOMPOTX>
    <SEOCOMPOTX>
     <CLSNAME>ZCL_OBS</CLSNAME>
     <CMPNAME>C_HTTP_DELETE</CMPNAME>
     <LANGU>1</LANGU>
     <DESCRIPT>HTTP DELETE&apos;方法</DESCRIPT>
    </SEOCOMPOTX>
    <SEOCOMPOTX>
     <CLSNAME>ZCL_OBS</CLSNAME>
     <CMPNAME>C_HTTP_GET</CMPNAME>
     <LANGU>1</LANGU>
     <DESCRIPT>HTTP GET方法</DESCRIPT>
    </SEOCOMPOTX>
    <SEOCOMPOTX>
     <CLSNAME>ZCL_OBS</CLSNAME>
     <CMPNAME>C_HTTP_PUT</CMPNAME>
     <LANGU>1</LANGU>
     <DESCRIPT>HTTP PUT方法</DESCRIPT>
    </SEOCOMPOTX>
    <SEOCOMPOTX>
     <CLSNAME>ZCL_OBS</CLSNAME>
     <CMPNAME>C_LOGLIFE</CMPNAME>
     <LANGU>1</LANGU>
     <DESCRIPT>日志默认保存天数</DESCRIPT>
    </SEOCOMPOTX>
    <SEOCOMPOTX>
     <CLSNAME>ZCL_OBS</CLSNAME>
     <CMPNAME>C_TRUE</CMPNAME>
     <LANGU>1</LANGU>
     <DESCRIPT>true</DESCRIPT>
    </SEOCOMPOTX>
    <SEOCOMPOTX>
     <CLSNAME>ZCL_OBS</CLSNAME>
     <CMPNAME>C_ZLOGID_OBS</CMPNAME>
     <LANGU>1</LANGU>
     <DESCRIPT>编号范围对象名称</DESCRIPT>
    </SEOCOMPOTX>
    <SEOCOMPOTX>
     <CLSNAME>ZCL_OBS</CLSNAME>
     <CMPNAME>DELETE_ATTACHMENT</CMPNAME>
     <LANGU>1</LANGU>
     <DESCRIPT>附件删除</DESCRIPT>
    </SEOCOMPOTX>
    <SEOCOMPOTX>
     <CLSNAME>ZCL_OBS</CLSNAME>
     <CMPNAME>DELETE_OBJECT</CMPNAME>
     <LANGU>1</LANGU>
     <DESCRIPT>附件删除</DESCRIPT>
    </SEOCOMPOTX>
    <SEOCOMPOTX>
     <CLSNAME>ZCL_OBS</CLSNAME>
     <CMPNAME>DELETE_SIGNTRUE</CMPNAME>
     <LANGU>1</LANGU>
     <DESCRIPT>删除签名</DESCRIPT>
    </SEOCOMPOTX>
    <SEOCOMPOTX>
     <CLSNAME>ZCL_OBS</CLSNAME>
     <CMPNAME>DIAPLAY_OBS_LOG</CMPNAME>
     <LANGU>1</LANGU>
     <DESCRIPT>显示OBS日志</DESCRIPT>
    </SEOCOMPOTX>
    <SEOCOMPOTX>
     <CLSNAME>ZCL_OBS</CLSNAME>
     <CMPNAME>DIRECTORY_BROWSE</CMPNAME>
     <LANGU>1</LANGU>
     <DESCRIPT>选择本地路径</DESCRIPT>
    </SEOCOMPOTX>
    <SEOCOMPOTX>
     <CLSNAME>ZCL_OBS</CLSNAME>
     <CMPNAME>DISPLAY_ATTACHMENT</CMPNAME>
     <LANGU>1</LANGU>
     <DESCRIPT>附件显示</DESCRIPT>
    </SEOCOMPOTX>
    <SEOCOMPOTX>
     <CLSNAME>ZCL_OBS</CLSNAME>
     <CMPNAME>DISPLAY_LOG_HTML</CMPNAME>
     <LANGU>1</LANGU>
     <DESCRIPT>以HTML控件显示日志</DESCRIPT>
    </SEOCOMPOTX>
    <SEOCOMPOTX>
     <CLSNAME>ZCL_OBS</CLSNAME>
     <CMPNAME>DOCU_CONTAINER</CMPNAME>
     <LANGU>1</LANGU>
     <DESCRIPT>Container for custom controls in the dynpro area</DESCRIPT>
    </SEOCOMPOTX>
    <SEOCOMPOTX>
     <CLSNAME>ZCL_OBS</CLSNAME>
     <CMPNAME>DOWNLOAD_ATTACHMENT</CMPNAME>
     <LANGU>1</LANGU>
     <DESCRIPT>下载附件内容</DESCRIPT>
    </SEOCOMPOTX>
    <SEOCOMPOTX>
     <CLSNAME>ZCL_OBS</CLSNAME>
     <CMPNAME>DOWNLOAD_FILE</CMPNAME>
     <LANGU>1</LANGU>
     <DESCRIPT>Download File form OBS</DESCRIPT>
    </SEOCOMPOTX>
    <SEOCOMPOTX>
     <CLSNAME>ZCL_OBS</CLSNAME>
     <CMPNAME>DOWNLOAD_OBJECT</CMPNAME>
     <LANGU>1</LANGU>
     <DESCRIPT>下载附件内容</DESCRIPT>
    </SEOCOMPOTX>
    <SEOCOMPOTX>
     <CLSNAME>ZCL_OBS</CLSNAME>
     <CMPNAME>FACTORY</CMPNAME>
     <LANGU>1</LANGU>
     <DESCRIPT>factory</DESCRIPT>
    </SEOCOMPOTX>
    <SEOCOMPOTX>
     <CLSNAME>ZCL_OBS</CLSNAME>
     <CMPNAME>FILETYPE_BMP</CMPNAME>
     <LANGU>1</LANGU>
     <DESCRIPT>BMP格式图片</DESCRIPT>
    </SEOCOMPOTX>
    <SEOCOMPOTX>
     <CLSNAME>ZCL_OBS</CLSNAME>
     <CMPNAME>FILETYPE_CSV</CMPNAME>
     <LANGU>1</LANGU>
     <DESCRIPT>CSV文档</DESCRIPT>
    </SEOCOMPOTX>
    <SEOCOMPOTX>
     <CLSNAME>ZCL_OBS</CLSNAME>
     <CMPNAME>FILETYPE_DOC</CMPNAME>
     <LANGU>1</LANGU>
     <DESCRIPT>Word文档</DESCRIPT>
    </SEOCOMPOTX>
    <SEOCOMPOTX>
     <CLSNAME>ZCL_OBS</CLSNAME>
     <CMPNAME>FILETYPE_DOCX</CMPNAME>
     <LANGU>1</LANGU>
     <DESCRIPT>Word文档</DESCRIPT>
    </SEOCOMPOTX>
    <SEOCOMPOTX>
     <CLSNAME>ZCL_OBS</CLSNAME>
     <CMPNAME>FILETYPE_GIF</CMPNAME>
     <LANGU>1</LANGU>
     <DESCRIPT>GIF格式图片</DESCRIPT>
    </SEOCOMPOTX>
    <SEOCOMPOTX>
     <CLSNAME>ZCL_OBS</CLSNAME>
     <CMPNAME>FILETYPE_JPG</CMPNAME>
     <LANGU>1</LANGU>
     <DESCRIPT>JPG格式图片</DESCRIPT>
    </SEOCOMPOTX>
    <SEOCOMPOTX>
     <CLSNAME>ZCL_OBS</CLSNAME>
     <CMPNAME>FILETYPE_PDF</CMPNAME>
     <LANGU>1</LANGU>
     <DESCRIPT>PDF文档</DESCRIPT>
    </SEOCOMPOTX>
    <SEOCOMPOTX>
     <CLSNAME>ZCL_OBS</CLSNAME>
     <CMPNAME>FILETYPE_PNG</CMPNAME>
     <LANGU>1</LANGU>
     <DESCRIPT>PNG格式图片</DESCRIPT>
    </SEOCOMPOTX>
    <SEOCOMPOTX>
     <CLSNAME>ZCL_OBS</CLSNAME>
     <CMPNAME>FILETYPE_PPT</CMPNAME>
     <LANGU>1</LANGU>
     <DESCRIPT>PPT文档</DESCRIPT>
    </SEOCOMPOTX>
    <SEOCOMPOTX>
     <CLSNAME>ZCL_OBS</CLSNAME>
     <CMPNAME>FILETYPE_PPTX</CMPNAME>
     <LANGU>1</LANGU>
     <DESCRIPT>PPT文档</DESCRIPT>
    </SEOCOMPOTX>
    <SEOCOMPOTX>
     <CLSNAME>ZCL_OBS</CLSNAME>
     <CMPNAME>FILETYPE_TIF</CMPNAME>
     <LANGU>1</LANGU>
     <DESCRIPT>TIF格式图片</DESCRIPT>
    </SEOCOMPOTX>
    <SEOCOMPOTX>
     <CLSNAME>ZCL_OBS</CLSNAME>
     <CMPNAME>FILETYPE_TXT</CMPNAME>
     <LANGU>1</LANGU>
     <DESCRIPT>Text文档</DESCRIPT>
    </SEOCOMPOTX>
    <SEOCOMPOTX>
     <CLSNAME>ZCL_OBS</CLSNAME>
     <CMPNAME>FILETYPE_XLS</CMPNAME>
     <LANGU>1</LANGU>
     <DESCRIPT>Excel文档</DESCRIPT>
    </SEOCOMPOTX>
    <SEOCOMPOTX>
     <CLSNAME>ZCL_OBS</CLSNAME>
     <CMPNAME>FILETYPE_XLSX</CMPNAME>
     <LANGU>1</LANGU>
     <DESCRIPT>Excel文档</DESCRIPT>
    </SEOCOMPOTX>
    <SEOCOMPOTX>
     <CLSNAME>ZCL_OBS</CLSNAME>
     <CMPNAME>FILE_SAVE_DIALOG</CMPNAME>
     <LANGU>1</LANGU>
     <DESCRIPT>保存到本地文件</DESCRIPT>
    </SEOCOMPOTX>
    <SEOCOMPOTX>
     <CLSNAME>ZCL_OBS</CLSNAME>
     <CMPNAME>GET_APPLICATION_TYPE</CMPNAME>
     <LANGU>1</LANGU>
     <DESCRIPT>根据文件名获取打开文件的应用</DESCRIPT>
    </SEOCOMPOTX>
    <SEOCOMPOTX>
     <CLSNAME>ZCL_OBS</CLSNAME>
     <CMPNAME>GET_DEFAULT_FILENAME</CMPNAME>
     <LANGU>1</LANGU>
     <DESCRIPT>根据ObjectKey获取默认文件名</DESCRIPT>
    </SEOCOMPOTX>
    <SEOCOMPOTX>
     <CLSNAME>ZCL_OBS</CLSNAME>
     <CMPNAME>GET_HTTPMETHOD_BY_ACTION</CMPNAME>
     <LANGU>1</LANGU>
     <DESCRIPT>根据OBS操作获取HTTP方法</DESCRIPT>
    </SEOCOMPOTX>
    <SEOCOMPOTX>
     <CLSNAME>ZCL_OBS</CLSNAME>
     <CMPNAME>GET_NUMBER</CMPNAME>
     <LANGU>1</LANGU>
     <DESCRIPT>获取流水号</DESCRIPT>
    </SEOCOMPOTX>
    <SEOCOMPOTX>
     <CLSNAME>ZCL_OBS</CLSNAME>
     <CMPNAME>GET_OBS_CONFIG</CMPNAME>
     <LANGU>1</LANGU>
     <DESCRIPT>Get OBS Config</DESCRIPT>
    </SEOCOMPOTX>
    <SEOCOMPOTX>
     <CLSNAME>ZCL_OBS</CLSNAME>
     <CMPNAME>GET_OBS_OBJECT_LIST</CMPNAME>
     <LANGU>1</LANGU>
     <DESCRIPT>调用OBS HTTP Client</DESCRIPT>
    </SEOCOMPOTX>
    <SEOCOMPOTX>
     <CLSNAME>ZCL_OBS</CLSNAME>
     <CMPNAME>GET_SIGNTRUE</CMPNAME>
     <LANGU>1</LANGU>
     <DESCRIPT>Get OBS Signtrue</DESCRIPT>
    </SEOCOMPOTX>
    <SEOCOMPOTX>
     <CLSNAME>ZCL_OBS</CLSNAME>
     <CMPNAME>GUI_DOWNLOAD</CMPNAME>
     <LANGU>1</LANGU>
     <DESCRIPT>GUI Download</DESCRIPT>
    </SEOCOMPOTX>
    <SEOCOMPOTX>
     <CLSNAME>ZCL_OBS</CLSNAME>
     <CMPNAME>GUI_UPLOAD</CMPNAME>
     <LANGU>1</LANGU>
     <DESCRIPT>GUI Upload</DESCRIPT>
    </SEOCOMPOTX>
    <SEOCOMPOTX>
     <CLSNAME>ZCL_OBS</CLSNAME>
     <CMPNAME>HANDLE_CLOSE</CMPNAME>
     <LANGU>1</LANGU>
     <DESCRIPT>Dialogbox Close</DESCRIPT>
    </SEOCOMPOTX>
    <SEOCOMPOTX>
     <CLSNAME>ZCL_OBS</CLSNAME>
     <CMPNAME>HANDLE_HOTSPOT_CLICK</CMPNAME>
     <LANGU>1</LANGU>
     <DESCRIPT>handle Hotspot Click</DESCRIPT>
    </SEOCOMPOTX>
    <SEOCOMPOTX>
     <CLSNAME>ZCL_OBS</CLSNAME>
     <CMPNAME>HANDLE_TOOLBAR</CMPNAME>
     <LANGU>1</LANGU>
     <DESCRIPT>handle toolbar</DESCRIPT>
    </SEOCOMPOTX>
    <SEOCOMPOTX>
     <CLSNAME>ZCL_OBS</CLSNAME>
     <CMPNAME>HTML_SHOW</CMPNAME>
     <LANGU>1</LANGU>
     <DESCRIPT>HTML控件显示附件内容</DESCRIPT>
    </SEOCOMPOTX>
    <SEOCOMPOTX>
     <CLSNAME>ZCL_OBS</CLSNAME>
     <CMPNAME>HTML_VIEWER</CMPNAME>
     <LANGU>1</LANGU>
     <DESCRIPT>HTML Control Proxy Class</DESCRIPT>
    </SEOCOMPOTX>
    <SEOCOMPOTX>
     <CLSNAME>ZCL_OBS</CLSNAME>
     <CMPNAME>LIST_BUCKET_OBJECTS</CMPNAME>
     <LANGU>1</LANGU>
     <DESCRIPT>列举桶内对象</DESCRIPT>
    </SEOCOMPOTX>
    <SEOCOMPOTX>
     <CLSNAME>ZCL_OBS</CLSNAME>
     <CMPNAME>LOGGING_OBSLOG</CMPNAME>
     <LANGU>1</LANGU>
     <DESCRIPT>记录OBS日志</DESCRIPT>
    </SEOCOMPOTX>
    <SEOCOMPOTX>
     <CLSNAME>ZCL_OBS</CLSNAME>
     <CMPNAME>MS_OBS_CONFIG</CMPNAME>
     <LANGU>1</LANGU>
     <DESCRIPT>OBS  Config</DESCRIPT>
    </SEOCOMPOTX>
    <SEOCOMPOTX>
     <CLSNAME>ZCL_OBS</CLSNAME>
     <CMPNAME>MS_SIGNTRUE</CMPNAME>
     <LANGU>1</LANGU>
     <DESCRIPT>OBS 签名信息</DESCRIPT>
    </SEOCOMPOTX>
    <SEOCOMPOTX>
     <CLSNAME>ZCL_OBS</CLSNAME>
     <CMPNAME>MS_SIGNTRUE_REQ</CMPNAME>
     <LANGU>1</LANGU>
     <DESCRIPT>计算签名的请求参数</DESCRIPT>
    </SEOCOMPOTX>
    <SEOCOMPOTX>
     <CLSNAME>ZCL_OBS</CLSNAME>
     <CMPNAME>MT_HTTP_HEADER</CMPNAME>
     <LANGU>1</LANGU>
     <DESCRIPT>Http Header</DESCRIPT>
    </SEOCOMPOTX>
    <SEOCOMPOTX>
     <CLSNAME>ZCL_OBS</CLSNAME>
     <CMPNAME>MT_LOG</CMPNAME>
     <LANGU>1</LANGU>
     <DESCRIPT>OBS Log</DESCRIPT>
    </SEOCOMPOTX>
    <SEOCOMPOTX>
     <CLSNAME>ZCL_OBS</CLSNAME>
     <CMPNAME>MT_OBJECT_LIST</CMPNAME>
     <LANGU>1</LANGU>
     <DESCRIPT>桶中对象列表</DESCRIPT>
    </SEOCOMPOTX>
    <SEOCOMPOTX>
     <CLSNAME>ZCL_OBS</CLSNAME>
     <CMPNAME>MT_PARAMETERS</CMPNAME>
     <LANGU>1</LANGU>
     <DESCRIPT>Http url parameters</DESCRIPT>
    </SEOCOMPOTX>
    <SEOCOMPOTX>
     <CLSNAME>ZCL_OBS</CLSNAME>
     <CMPNAME>MV_ACTION</CMPNAME>
     <LANGU>1</LANGU>
     <DESCRIPT>OBS操作</DESCRIPT>
    </SEOCOMPOTX>
    <SEOCOMPOTX>
     <CLSNAME>ZCL_OBS</CLSNAME>
     <CMPNAME>MV_BUCKETNAME</CMPNAME>
     <LANGU>1</LANGU>
     <DESCRIPT>OBS桶</DESCRIPT>
    </SEOCOMPOTX>
    <SEOCOMPOTX>
     <CLSNAME>ZCL_OBS</CLSNAME>
     <CMPNAME>MV_HTTP_METHOD</CMPNAME>
     <LANGU>1</LANGU>
     <DESCRIPT>HTTP Method</DESCRIPT>
    </SEOCOMPOTX>
    <SEOCOMPOTX>
     <CLSNAME>ZCL_OBS</CLSNAME>
     <CMPNAME>MV_OBJECTKEY</CMPNAME>
     <LANGU>1</LANGU>
     <DESCRIPT>OBS对象</DESCRIPT>
    </SEOCOMPOTX>
    <SEOCOMPOTX>
     <CLSNAME>ZCL_OBS</CLSNAME>
     <CMPNAME>OLE_SHOW</CMPNAME>
     <LANGU>1</LANGU>
     <DESCRIPT>OLE控件显示附件内容（Word、Excel、PPT）</DESCRIPT>
    </SEOCOMPOTX>
    <SEOCOMPOTX>
     <CLSNAME>ZCL_OBS</CLSNAME>
     <CMPNAME>PARSE_DOM_DOCUMENT</CMPNAME>
     <LANGU>1</LANGU>
     <DESCRIPT>解析文档内容</DESCRIPT>
    </SEOCOMPOTX>
    <SEOCOMPOTX>
     <CLSNAME>ZCL_OBS</CLSNAME>
     <CMPNAME>PARSE_LIST_BUCKET_RESULT</CMPNAME>
     <LANGU>1</LANGU>
     <DESCRIPT>解析桶中对象列表</DESCRIPT>
    </SEOCOMPOTX>
    <SEOCOMPOTX>
     <CLSNAME>ZCL_OBS</CLSNAME>
     <CMPNAME>SAVE_SIGNTRUE</CMPNAME>
     <LANGU>1</LANGU>
     <DESCRIPT>保存签名</DESCRIPT>
    </SEOCOMPOTX>
    <SEOCOMPOTX>
     <CLSNAME>ZCL_OBS</CLSNAME>
     <CMPNAME>SCAPE_URL_OBJECTKEY</CMPNAME>
     <LANGU>1</LANGU>
     <DESCRIPT>Encode Object Key</DESCRIPT>
    </SEOCOMPOTX>
    <SEOCOMPOTX>
     <CLSNAME>ZCL_OBS</CLSNAME>
     <CMPNAME>SET_ACTION</CMPNAME>
     <LANGU>1</LANGU>
     <DESCRIPT>设置OBS操作</DESCRIPT>
    </SEOCOMPOTX>
    <SEOCOMPOTX>
     <CLSNAME>ZCL_OBS</CLSNAME>
     <CMPNAME>SET_BUCKET</CMPNAME>
     <LANGU>1</LANGU>
     <DESCRIPT>设置桶和对象</DESCRIPT>
    </SEOCOMPOTX>
    <SEOCOMPOTX>
     <CLSNAME>ZCL_OBS</CLSNAME>
     <CMPNAME>SET_HTTP_HEADER</CMPNAME>
     <LANGU>1</LANGU>
     <DESCRIPT>设置HTTP头域</DESCRIPT>
    </SEOCOMPOTX>
    <SEOCOMPOTX>
     <CLSNAME>ZCL_OBS</CLSNAME>
     <CMPNAME>SET_HTTP_HEADER_FIELD</CMPNAME>
     <LANGU>1</LANGU>
     <DESCRIPT>设置HTTP头域字段</DESCRIPT>
    </SEOCOMPOTX>
    <SEOCOMPOTX>
     <CLSNAME>ZCL_OBS</CLSNAME>
     <CMPNAME>SET_NUMBER_RANGE</CMPNAME>
     <LANGU>1</LANGU>
     <DESCRIPT>设置流水号码的范围</DESCRIPT>
    </SEOCOMPOTX>
    <SEOCOMPOTX>
     <CLSNAME>ZCL_OBS</CLSNAME>
     <CMPNAME>SET_SALV_LAYOUT</CMPNAME>
     <LANGU>1</LANGU>
     <DESCRIPT>SALV:修改布局</DESCRIPT>
    </SEOCOMPOTX>
    <SEOCOMPOTX>
     <CLSNAME>ZCL_OBS</CLSNAME>
     <CMPNAME>SET_URL_PARAMETERS</CMPNAME>
     <LANGU>1</LANGU>
     <DESCRIPT>设置URL参数</DESCRIPT>
    </SEOCOMPOTX>
    <SEOCOMPOTX>
     <CLSNAME>ZCL_OBS</CLSNAME>
     <CMPNAME>TEXT_CONVERT</CMPNAME>
     <LANGU>1</LANGU>
     <DESCRIPT>文本文件编码转换</DESCRIPT>
    </SEOCOMPOTX>
    <SEOCOMPOTX>
     <CLSNAME>ZCL_OBS</CLSNAME>
     <CMPNAME>UPLOAD_ATTACHMENT</CMPNAME>
     <LANGU>1</LANGU>
     <DESCRIPT>附件上载</DESCRIPT>
    </SEOCOMPOTX>
    <SEOCOMPOTX>
     <CLSNAME>ZCL_OBS</CLSNAME>
     <CMPNAME>UPLOAD_OBJECT</CMPNAME>
     <LANGU>1</LANGU>
     <DESCRIPT>附件上载</DESCRIPT>
    </SEOCOMPOTX>
   </DESCRIPTIONS>
  </asx:values>
 </asx:abap>
</abapGit>
