﻿<?xml version="1.0" encoding="utf-8"?>
<abapGit version="v1.0.0" serializer="LCL_OBJECT_TTYP" serializer_version="v1.0.0">
 <asx:abap xmlns:asx="http://www.sap.com/abapxml" version="1.0">
  <asx:values>
   <DD40V>
    <TYPENAME>ZCODE_OBS_RANGE_TAB</TYPENAME>
    <DDLANGUAGE>1</DDLANGUAGE>
    <ROWTYPE>ZCODE_OBS_RANGE</ROWTYPE>
    <ROWKIND>S</ROWKIND>
    <DATATYPE>STRU</DATATYPE>
    <ACCESSMODE>T</ACCESSMODE>
    <KEYDEF>D</KEYDEF>
    <KEYKIND>N</KEYKIND>
    <DDTEXT>Http Code range tab</DDTEXT>
    <TTYPKIND>R</TTYPKIND>
    <RANGE_CTYP>ZOBS_CODE</RANGE_CTYP>
    <CTDATATYPE>INT4</CTDATATYPE>
    <CTLENG>000010</CTLENG>
   </DD40V>
  </asx:values>
 </asx:abap>
</abapGit>
