﻿<?xml version="1.0" encoding="utf-8"?>
<abapGit version="v1.0.0" serializer="LCL_OBJECT_FUGR" serializer_version="v1.0.0">
 <asx:abap xmlns:asx="http://www.sap.com/abapxml" version="1.0">
  <asx:values>
   <AREAT>OBS Function Group</AREAT>
   <INCLUDES>
    <SOBJ_NAME>LZFG_OBSI01</SOBJ_NAME>
    <SOBJ_NAME>LZFG_OBSO01</SOBJ_NAME>
    <SOBJ_NAME>LZFG_OBSTOP</SOBJ_NAME>
    <SOBJ_NAME>SAPLZFG_OBS</SOBJ_NAME>
   </INCLUDES>
   <FUNCTIONS>
    <item>
     <FUNCNAME>ZFM_OBS_DISPLAY_HTML</FUNCNAME>
     <SHORT_TEXT>显示HTML对象</SHORT_TEXT>
     <IMPORT>
      <RSIMP>
       <PARAMETER>IV_DATA</PARAMETER>
       <TYP>XSTRING</TYP>
      </RSIMP>
      <RSIMP>
       <PARAMETER>IV_TYPE</PARAMETER>
       <REFERENCE>X</REFERENCE>
       <TYP>TEXT20</TYP>
      </RSIMP>
      <RSIMP>
       <PARAMETER>IV_SUBTYPE</PARAMETER>
       <REFERENCE>X</REFERENCE>
       <TYP>TEXT20</TYP>
      </RSIMP>
      <RSIMP>
       <PARAMETER>IV_FILENAME</PARAMETER>
       <REFERENCE>X</REFERENCE>
       <TYP>STRING</TYP>
      </RSIMP>
     </IMPORT>
     <EXPORT>
      <RSEXP>
       <PARAMETER>ES_RETURN</PARAMETER>
       <REFERENCE>X</REFERENCE>
       <TYP>BAPIRET2</TYP>
      </RSEXP>
     </EXPORT>
     <DOCUMENTATION>
      <RSFDO>
       <PARAMETER>IV_DATA</PARAMETER>
       <KIND>P</KIND>
       <STEXT>显示的数据</STEXT>
      </RSFDO>
      <RSFDO>
       <PARAMETER>IV_TYPE</PARAMETER>
       <KIND>P</KIND>
       <STEXT>类型</STEXT>
      </RSFDO>
      <RSFDO>
       <PARAMETER>IV_SUBTYPE</PARAMETER>
       <KIND>P</KIND>
       <STEXT>子类型</STEXT>
      </RSFDO>
      <RSFDO>
       <PARAMETER>IV_FILENAME</PARAMETER>
       <KIND>P</KIND>
       <STEXT>文件名</STEXT>
      </RSFDO>
      <RSFDO>
       <PARAMETER>ES_RETURN</PARAMETER>
       <KIND>P</KIND>
       <STEXT>返回参数</STEXT>
      </RSFDO>
     </DOCUMENTATION>
    </item>
    <item>
     <FUNCNAME>ZFM_OBS_DISPLAY_OLE</FUNCNAME>
     <SHORT_TEXT>显示OLE对象</SHORT_TEXT>
     <IMPORT>
      <RSIMP>
       <PARAMETER>IV_DATA</PARAMETER>
       <REFERENCE>X</REFERENCE>
       <TYP>XSTRING</TYP>
      </RSIMP>
      <RSIMP>
       <PARAMETER>IV_TYPE</PARAMETER>
       <REFERENCE>X</REFERENCE>
       <TYP>TEXT20</TYP>
      </RSIMP>
      <RSIMP>
       <PARAMETER>IV_SUBTYPE</PARAMETER>
       <REFERENCE>X</REFERENCE>
       <TYP>TEXT20</TYP>
      </RSIMP>
      <RSIMP>
       <PARAMETER>IV_FILENAME</PARAMETER>
       <REFERENCE>X</REFERENCE>
       <TYP>STRING</TYP>
      </RSIMP>
     </IMPORT>
     <EXPORT>
      <RSEXP>
       <PARAMETER>ES_RETURN</PARAMETER>
       <REFERENCE>X</REFERENCE>
       <TYP>BAPIRET2</TYP>
      </RSEXP>
     </EXPORT>
     <DOCUMENTATION>
      <RSFDO>
       <PARAMETER>IV_DATA</PARAMETER>
       <KIND>P</KIND>
       <STEXT>显示的数据</STEXT>
      </RSFDO>
      <RSFDO>
       <PARAMETER>IV_TYPE</PARAMETER>
       <KIND>P</KIND>
       <STEXT>类型</STEXT>
      </RSFDO>
      <RSFDO>
       <PARAMETER>IV_SUBTYPE</PARAMETER>
       <KIND>P</KIND>
       <STEXT>子类型</STEXT>
      </RSFDO>
      <RSFDO>
       <PARAMETER>IV_FILENAME</PARAMETER>
       <KIND>P</KIND>
       <STEXT>文件名</STEXT>
      </RSFDO>
      <RSFDO>
       <PARAMETER>ES_RETURN</PARAMETER>
       <KIND>P</KIND>
       <STEXT>返回参数</STEXT>
      </RSFDO>
     </DOCUMENTATION>
    </item>
    <item>
     <FUNCNAME>ZFM_OBS_LOG_CLEAR</FUNCNAME>
     <REMOTE_CALL>R</REMOTE_CALL>
     <SHORT_TEXT>清理OBS日志</SHORT_TEXT>
     <IMPORT>
      <RSIMP>
       <PARAMETER>IS_CONFIG</PARAMETER>
       <TYP>ZOBS_CONFIG</TYP>
      </RSIMP>
      <RSIMP>
       <PARAMETER>IV_CLEARDATE</PARAMETER>
       <TYP>ZCLEARDATE_OBS</TYP>
      </RSIMP>
     </IMPORT>
     <DOCUMENTATION>
      <RSFDO>
       <PARAMETER>IS_CONFIG</PARAMETER>
       <KIND>P</KIND>
       <STEXT>OBS config</STEXT>
      </RSFDO>
      <RSFDO>
       <PARAMETER>IV_CLEARDATE</PARAMETER>
       <KIND>P</KIND>
       <STEXT>日志清理日期</STEXT>
      </RSFDO>
     </DOCUMENTATION>
    </item>
    <item>
     <FUNCNAME>ZFM_OBS_LOG_CLEAR_AUTO</FUNCNAME>
     <REMOTE_CALL>R</REMOTE_CALL>
     <SHORT_TEXT>清理OBS日志</SHORT_TEXT>
     <IMPORT>
      <RSIMP>
       <PARAMETER>IS_CONFIG</PARAMETER>
       <TYP>ZOBS_CONFIG</TYP>
      </RSIMP>
     </IMPORT>
     <DOCUMENTATION>
      <RSFDO>
       <PARAMETER>IS_CONFIG</PARAMETER>
       <KIND>P</KIND>
       <STEXT>OBS config</STEXT>
      </RSFDO>
     </DOCUMENTATION>
    </item>
   </FUNCTIONS>
   <DYNPROS>
    <item>
     <HEADER>
      <PROGRAM>SAPLZFG_OBS</PROGRAM>
      <SCREEN>9000</SCREEN>
      <LANGUAGE>1</LANGUAGE>
      <DESCRIPT>显示附件</DESCRIPT>
      <TYPE>N</TYPE>
      <NEXTSCREEN>9000</NEXTSCREEN>
      <LINES>027</LINES>
      <COLUMNS>121</COLUMNS>
     </HEADER>
     <CONTAINERS>
      <RPY_DYCATT>
       <TYPE>SCREEN</TYPE>
       <NAME>SCREEN</NAME>
      </RPY_DYCATT>
     </CONTAINERS>
     <FIELDS>
      <RPY_DYFATC>
       <CONT_TYPE>SCREEN</CONT_TYPE>
       <CONT_NAME>SCREEN</CONT_NAME>
       <TYPE>OKCODE</TYPE>
       <NAME>OK_CODE</NAME>
       <TEXT>____________________</TEXT>
       <LENGTH>020</LENGTH>
       <VISLENGTH>020</VISLENGTH>
       <HEIGHT>001</HEIGHT>
       <FORMAT>CHAR</FORMAT>
       <INPUT_FLD>X</INPUT_FLD>
      </RPY_DYFATC>
     </FIELDS>
     <FLOW_LOGIC>
      <RPY_DYFLOW>
       <LINE>PROCESS BEFORE OUTPUT.</LINE>
      </RPY_DYFLOW>
      <RPY_DYFLOW>
       <LINE>  MODULE status_9000.</LINE>
      </RPY_DYFLOW>
      <RPY_DYFLOW>
       <LINE>*</LINE>
      </RPY_DYFLOW>
      <RPY_DYFLOW>
       <LINE>PROCESS AFTER INPUT.</LINE>
      </RPY_DYFLOW>
      <RPY_DYFLOW>
       <LINE>  MODULE exit AT EXIT-COMMAND.</LINE>
      </RPY_DYFLOW>
      <RPY_DYFLOW>
       <LINE>  MODULE user_command_9000.</LINE>
      </RPY_DYFLOW>
     </FLOW_LOGIC>
    </item>
   </DYNPROS>
   <CUA>
    <ADM>
     <ACTCODE>000001</ACTCODE>
     <PFKCODE>000002</PFKCODE>
    </ADM>
    <STA>
     <RSMPE_STAT>
      <CODE>STATUS_9000</CODE>
      <MODAL>D</MODAL>
      <ACTCODE>000001</ACTCODE>
      <PFKCODE>000002</PFKCODE>
      <BUTCODE>0001</BUTCODE>
      <INT_NOTE>STATUS_9000</INT_NOTE>
     </RSMPE_STAT>
    </STA>
    <FUN>
     <RSMPE_FUNT>
      <CODE>BACK</CODE>
      <TEXTNO>001</TEXTNO>
      <TEXT_TYPE>S</TEXT_TYPE>
      <FUN_TEXT>返回</FUN_TEXT>
     </RSMPE_FUNT>
     <RSMPE_FUNT>
      <CODE>CANC</CODE>
      <TEXTNO>001</TEXTNO>
      <TEXT_TYPE>S</TEXT_TYPE>
      <TEXT_NAME>ICON_CANCEL</TEXT_NAME>
      <ICON_ID>@0W@</ICON_ID>
      <FUN_TEXT>取消</FUN_TEXT>
      <PATH>A</PATH>
     </RSMPE_FUNT>
     <RSMPE_FUNT>
      <CODE>EXIT</CODE>
      <TEXTNO>001</TEXTNO>
      <TYPE>E</TYPE>
      <TEXT_TYPE>S</TEXT_TYPE>
      <FUN_TEXT>退出</FUN_TEXT>
     </RSMPE_FUNT>
     <RSMPE_FUNT>
      <CODE>OKAY</CODE>
      <TEXTNO>001</TEXTNO>
      <TEXT_TYPE>S</TEXT_TYPE>
      <TEXT_NAME>ICON_OKAY</TEXT_NAME>
      <ICON_ID>@0V@</ICON_ID>
      <FUN_TEXT>继续</FUN_TEXT>
     </RSMPE_FUNT>
    </FUN>
    <BUT>
     <RSMPE_BUT>
      <PFK_CODE>000001</PFK_CODE>
      <CODE>0001</CODE>
      <NO>01</NO>
      <PFNO>00</PFNO>
     </RSMPE_BUT>
     <RSMPE_BUT>
      <PFK_CODE>000001</PFK_CODE>
      <CODE>0001</CODE>
      <NO>02</NO>
      <PFNO>12</PFNO>
     </RSMPE_BUT>
    </BUT>
    <PFK>
     <RSMPE_PFK>
      <CODE>000001</CODE>
      <PFNO>00</PFNO>
      <FUNCODE>OKAY</FUNCODE>
      <FUNNO>001</FUNNO>
     </RSMPE_PFK>
     <RSMPE_PFK>
      <CODE>000001</CODE>
      <PFNO>12</PFNO>
      <FUNCODE>CANC</FUNCODE>
      <FUNNO>001</FUNNO>
     </RSMPE_PFK>
     <RSMPE_PFK>
      <CODE>000002</CODE>
      <PFNO>03</PFNO>
      <FUNCODE>BACK</FUNCODE>
      <FUNNO>001</FUNNO>
     </RSMPE_PFK>
     <RSMPE_PFK>
      <CODE>000002</CODE>
      <PFNO>12</PFNO>
      <FUNCODE>CANC</FUNCODE>
      <FUNNO>001</FUNNO>
     </RSMPE_PFK>
     <RSMPE_PFK>
      <CODE>000002</CODE>
      <PFNO>15</PFNO>
      <FUNCODE>EXIT</FUNCODE>
      <FUNNO>001</FUNNO>
     </RSMPE_PFK>
    </PFK>
    <SET>
     <RSMPE_STAF>
      <STATUS>STATUS_9000</STATUS>
      <FUNCTION>BACK</FUNCTION>
     </RSMPE_STAF>
     <RSMPE_STAF>
      <STATUS>STATUS_9000</STATUS>
      <FUNCTION>CANC</FUNCTION>
     </RSMPE_STAF>
     <RSMPE_STAF>
      <STATUS>STATUS_9000</STATUS>
      <FUNCTION>EXIT</FUNCTION>
     </RSMPE_STAF>
    </SET>
    <DOC>
     <RSMPE_ATRT>
      <OBJ_TYPE>P</OBJ_TYPE>
      <OBJ_CODE>000001</OBJ_CODE>
      <MODAL>P</MODAL>
      <INT_NOTE>STATUS_9000</INT_NOTE>
     </RSMPE_ATRT>
     <RSMPE_ATRT>
      <OBJ_TYPE>B</OBJ_TYPE>
      <OBJ_CODE>000001</OBJ_CODE>
      <SUB_CODE>0001</SUB_CODE>
      <MODAL>P</MODAL>
      <INT_NOTE>STATUS_9000</INT_NOTE>
     </RSMPE_ATRT>
     <RSMPE_ATRT>
      <OBJ_TYPE>A</OBJ_TYPE>
      <OBJ_CODE>000001</OBJ_CODE>
      <MODAL>D</MODAL>
      <INT_NOTE>STATUS_9000</INT_NOTE>
     </RSMPE_ATRT>
     <RSMPE_ATRT>
      <OBJ_TYPE>P</OBJ_TYPE>
      <OBJ_CODE>000002</OBJ_CODE>
      <MODAL>D</MODAL>
      <INT_NOTE>STATUS_9000</INT_NOTE>
     </RSMPE_ATRT>
     <RSMPE_ATRT>
      <OBJ_TYPE>B</OBJ_TYPE>
      <OBJ_CODE>000002</OBJ_CODE>
      <SUB_CODE>0001</SUB_CODE>
      <MODAL>D</MODAL>
      <INT_NOTE>STATUS_9000</INT_NOTE>
     </RSMPE_ATRT>
    </DOC>
    <TIT>
     <RSMPE_TITT>
      <CODE>TITLE</CODE>
      <TEXT>&amp;1</TEXT>
     </RSMPE_TITT>
    </TIT>
   </CUA>
  </asx:values>
 </asx:abap>
</abapGit>
