﻿<?xml version="1.0" encoding="utf-8"?>
<abapGit version="v1.0.0" serializer="LCL_OBJECT_NROB" serializer_version="v1.0.0">
 <asx:abap xmlns:asx="http://www.sap.com/abapxml" version="1.0">
  <asx:values>
   <ATTRIBUTES>
    <OBJECT>ZLOGID_OBS</OBJECT>
    <DOMLEN>ZLOGID_OBS</DOMLEN>
    <PERCENTAGE>10.0</PERCENTAGE>
    <BUFFER>X</BUFFER>
    <NOIVBUFFER>00000010</NOIVBUFFER>
   </ATTRIBUTES>
   <TEXT>
    <LANGU>1</LANGU>
    <OBJECT>ZLOGID_OBS</OBJECT>
    <TXT>OBS日志流水号</TXT>
    <TXTSHORT>ZLOGID_OBS</TXTSHORT>
   </TEXT>
  </asx:values>
 </asx:abap>
</abapGit>
