﻿<?xml version="1.0" encoding="utf-8"?>
<abapGit version="v1.0.0" serializer="LCL_OBJECT_VIEW" serializer_version="v1.0.0">
 <asx:abap xmlns:asx="http://www.sap.com/abapxml" version="1.0">
  <asx:values>
   <DD25V>
    <VIEWNAME>ZOBSSV_BUCKET</VIEWNAME>
    <AS4LOCAL>A</AS4LOCAL>
    <DDLANGUAGE>1</DDLANGUAGE>
    <AGGTYPE>V</AGGTYPE>
    <ROOTTAB>ZOBS_CONFIG</ROOTTAB>
    <DDTEXT>OBS桶搜索帮助视图</DDTEXT>
    <VIEWCLASS>D</VIEWCLASS>
    <VIEWGRANT>R</VIEWGRANT>
   </DD25V>
   <DD26V_TABLE>
    <DD26V>
     <VIEWNAME>ZOBSSV_BUCKET</VIEWNAME>
     <TABNAME>ZOBS_CONFIG</TABNAME>
     <TABPOS>0001</TABPOS>
     <FORTABNAME>ZOBS_CONFIG</FORTABNAME>
    </DD26V>
   </DD26V_TABLE>
   <DD27P_TABLE>
    <DD27P>
     <VIEWFIELD>MANDT</VIEWFIELD>
     <TABNAME>ZOBS_CONFIG</TABNAME>
     <FIELDNAME>MANDT</FIELDNAME>
     <KEYFLAG>X</KEYFLAG>
    </DD27P>
    <DD27P>
     <VIEWFIELD>SYSID</VIEWFIELD>
     <TABNAME>ZOBS_CONFIG</TABNAME>
     <FIELDNAME>SYSID</FIELDNAME>
     <KEYFLAG>X</KEYFLAG>
    </DD27P>
    <DD27P>
     <VIEWFIELD>BUCKET</VIEWFIELD>
     <TABNAME>ZOBS_CONFIG</TABNAME>
     <FIELDNAME>BUCKET</FIELDNAME>
     <KEYFLAG>X</KEYFLAG>
     <SHLPORIGIN>D</SHLPORIGIN>
     <SHLPNAME>ZOBSSH_BUCKET</SHLPNAME>
     <SHLPFIELD>BUCKET</SHLPFIELD>
    </DD27P>
    <DD27P>
     <VIEWFIELD>ACTIVE</VIEWFIELD>
     <TABNAME>ZOBS_CONFIG</TABNAME>
     <FIELDNAME>ACTIVE</FIELDNAME>
     <SHLPORIGIN>F</SHLPORIGIN>
     <VALEXI>X</VALEXI>
    </DD27P>
    <DD27P>
     <VIEWFIELD>HOST</VIEWFIELD>
     <TABNAME>ZOBS_CONFIG</TABNAME>
     <FIELDNAME>HOST</FIELDNAME>
    </DD27P>
    <DD27P>
     <VIEWFIELD>LOGLIFE</VIEWFIELD>
     <TABNAME>ZOBS_CONFIG</TABNAME>
     <FIELDNAME>LOGLIFE</FIELDNAME>
    </DD27P>
    <DD27P>
     <VIEWFIELD>PSIZE</VIEWFIELD>
     <TABNAME>ZOBS_CONFIG</TABNAME>
     <FIELDNAME>PSIZE</FIELDNAME>
    </DD27P>
    <DD27P>
     <VIEWFIELD>AUTOCLEAR</VIEWFIELD>
     <TABNAME>ZOBS_CONFIG</TABNAME>
     <FIELDNAME>AUTOCLEAR</FIELDNAME>
     <SHLPORIGIN>F</SHLPORIGIN>
     <VALEXI>X</VALEXI>
    </DD27P>
    <DD27P>
     <VIEWFIELD>CLEARDATE</VIEWFIELD>
     <TABNAME>ZOBS_CONFIG</TABNAME>
     <FIELDNAME>CLEARDATE</FIELDNAME>
     <SHLPORIGIN>T</SHLPORIGIN>
    </DD27P>
   </DD27P_TABLE>
  </asx:values>
 </asx:abap>
</abapGit>
