﻿<?xml version="1.0" encoding="utf-8"?>
<abapGit version="v1.0.0" serializer="LCL_OBJECT_MSAG" serializer_version="v1.0.0">
 <asx:abap xmlns:asx="http://www.sap.com/abapxml" version="1.0">
  <asx:values>
   <T100A>
    <ARBGB>ZOBS</ARBGB>
    <MASTERLANG>1</MASTERLANG>
    <STEXT>OBS Message Class</STEXT>
   </T100A>
   <T100>
    <T100>
     <SPRSL>1</SPRSL>
     <ARBGB>ZOBS</ARBGB>
     <MSGNR>000</MSGNR>
     <TEXT>&amp;1&amp;2&amp;3&amp;4</TEXT>
    </T100>
    <T100>
     <SPRSL>1</SPRSL>
     <ARBGB>ZOBS</ARBGB>
     <MSGNR>001</MSGNR>
     <TEXT>无效的长度</TEXT>
    </T100>
    <T100>
     <SPRSL>1</SPRSL>
     <ARBGB>ZOBS</ARBGB>
     <MSGNR>002</MSGNR>
     <TEXT>无效的Object Key</TEXT>
    </T100>
    <T100>
     <SPRSL>1</SPRSL>
     <ARBGB>ZOBS</ARBGB>
     <MSGNR>003</MSGNR>
     <TEXT>桶&amp;1方法&amp;2的签名配置丢失或未激活，请检查表ZOBS_CONFIG</TEXT>
    </T100>
    <T100>
     <SPRSL>1</SPRSL>
     <ARBGB>ZOBS</ARBGB>
     <MSGNR>004</MSGNR>
     <TEXT>调用PI获取签名失败</TEXT>
    </T100>
    <T100>
     <SPRSL>1</SPRSL>
     <ARBGB>ZOBS</ARBGB>
     <MSGNR>005</MSGNR>
     <TEXT>附件上载成功，ObjectKey为&amp;1</TEXT>
    </T100>
    <T100>
     <SPRSL>1</SPRSL>
     <ARBGB>ZOBS</ARBGB>
     <MSGNR>006</MSGNR>
     <TEXT>附件上载失败，错误原因：&amp;1 &amp;2</TEXT>
    </T100>
    <T100>
     <SPRSL>1</SPRSL>
     <ARBGB>ZOBS</ARBGB>
     <MSGNR>007</MSGNR>
     <TEXT>附件删除成功，ObjectKey为&amp;1.</TEXT>
    </T100>
    <T100>
     <SPRSL>1</SPRSL>
     <ARBGB>ZOBS</ARBGB>
     <MSGNR>008</MSGNR>
     <TEXT>附件删除失败，错误原因：&amp;1&amp;2</TEXT>
    </T100>
    <T100>
     <SPRSL>1</SPRSL>
     <ARBGB>ZOBS</ARBGB>
     <MSGNR>009</MSGNR>
     <TEXT>附件下载成功，ObjectKey为&amp;1.</TEXT>
    </T100>
    <T100>
     <SPRSL>1</SPRSL>
     <ARBGB>ZOBS</ARBGB>
     <MSGNR>010</MSGNR>
     <TEXT>附件下载失败，错误原因：&amp;1&amp;2</TEXT>
    </T100>
    <T100>
     <SPRSL>1</SPRSL>
     <ARBGB>ZOBS</ARBGB>
     <MSGNR>011</MSGNR>
     <TEXT>Object Key不能为空</TEXT>
    </T100>
    <T100>
     <SPRSL>1</SPRSL>
     <ARBGB>ZOBS</ARBGB>
     <MSGNR>012</MSGNR>
     <TEXT>无效内容不能显示</TEXT>
    </T100>
    <T100>
     <SPRSL>1</SPRSL>
     <ARBGB>ZOBS</ARBGB>
     <MSGNR>013</MSGNR>
     <TEXT>附件复制成功，ObjectKey为&amp;1.</TEXT>
    </T100>
    <T100>
     <SPRSL>1</SPRSL>
     <ARBGB>ZOBS</ARBGB>
     <MSGNR>014</MSGNR>
     <TEXT>附件复制为失败,错误原因：&amp;1&amp;2.</TEXT>
    </T100>
    <T100>
     <SPRSL>1</SPRSL>
     <ARBGB>ZOBS</ARBGB>
     <MSGNR>015</MSGNR>
     <TEXT>上载内容不能为空</TEXT>
    </T100>
    <T100>
     <SPRSL>1</SPRSL>
     <ARBGB>ZOBS</ARBGB>
     <MSGNR>016</MSGNR>
     <TEXT>获取桶&amp;1对象列表成功。</TEXT>
    </T100>
    <T100>
     <SPRSL>1</SPRSL>
     <ARBGB>ZOBS</ARBGB>
     <MSGNR>017</MSGNR>
     <TEXT>获取桶&amp;1对象列表失败，错误原因：&amp;1&amp;2</TEXT>
    </T100>
   </T100>
  </asx:values>
 </asx:abap>
</abapGit>
