﻿<?xml version="1.0" encoding="utf-8"?>
<abapGit version="v1.0.0" serializer="LCL_OBJECT_TABL" serializer_version="v1.0.0">
 <asx:abap xmlns:asx="http://www.sap.com/abapxml" version="1.0">
  <asx:values>
   <DD02V>
    <TABNAME>ZOBSS_RETURN</TABNAME>
    <DDLANGUAGE>1</DDLANGUAGE>
    <TABCLASS>INTTAB</TABCLASS>
    <DDTEXT>OBS 返回结果</DDTEXT>
    <EXCLASS>4</EXCLASS>
   </DD02V>
   <DD03P_TABLE>
    <DD03P>
     <TABNAME>ZOBSS_RETURN</TABNAME>
     <FIELDNAME>CODE</FIELDNAME>
     <POSITION>0001</POSITION>
     <ROLLNAME>ZOBS_CODE</ROLLNAME>
     <ADMINFIELD>0</ADMINFIELD>
     <COMPTYPE>E</COMPTYPE>
    </DD03P>
    <DD03P>
     <TABNAME>ZOBSS_RETURN</TABNAME>
     <FIELDNAME>REASON</FIELDNAME>
     <POSITION>0002</POSITION>
     <ROLLNAME>ZOBS_REASON</ROLLNAME>
     <ADMINFIELD>0</ADMINFIELD>
     <COMPTYPE>E</COMPTYPE>
    </DD03P>
    <DD03P>
     <TABNAME>ZOBSS_RETURN</TABNAME>
     <FIELDNAME>BIZDATA</FIELDNAME>
     <POSITION>0003</POSITION>
     <ROLLNAME>ZOBS_RESULT</ROLLNAME>
     <ADMINFIELD>0</ADMINFIELD>
     <COMPTYPE>E</COMPTYPE>
    </DD03P>
    <DD03P>
     <TABNAME>ZOBSS_RETURN</TABNAME>
     <FIELDNAME>RAWBIZDATA</FIELDNAME>
     <POSITION>0004</POSITION>
     <ROLLNAME>ZOBS_RESULT_RAW</ROLLNAME>
     <ADMINFIELD>0</ADMINFIELD>
     <COMPTYPE>E</COMPTYPE>
    </DD03P>
   </DD03P_TABLE>
  </asx:values>
 </asx:abap>
</abapGit>
