﻿<?xml version="1.0" encoding="utf-8"?>
<abapGit version="v1.0.0" serializer="LCL_OBJECT_TABL" serializer_version="v1.0.0">
 <asx:abap xmlns:asx="http://www.sap.com/abapxml" version="1.0">
  <asx:values>
   <DD02V>
    <TABNAME>ZOBS_LOG</TABNAME>
    <DDLANGUAGE>1</DDLANGUAGE>
    <TABCLASS>TRANSP</TABCLASS>
    <CLIDEP>X</CLIDEP>
    <LANGDEP>X</LANGDEP>
    <DDTEXT>OBS Log</DDTEXT>
    <MAINFLAG>X</MAINFLAG>
    <CONTFLAG>A</CONTFLAG>
    <EXCLASS>4</EXCLASS>
   </DD02V>
   <DD09L>
    <TABNAME>ZOBS_LOG</TABNAME>
    <AS4LOCAL>A</AS4LOCAL>
    <TABKAT>9</TABKAT>
    <TABART>APPL0</TABART>
    <BUFALLOW>N</BUFALLOW>
   </DD09L>
   <DD03P_TABLE>
    <DD03P>
     <TABNAME>ZOBS_LOG</TABNAME>
     <FIELDNAME>MANDT</FIELDNAME>
     <POSITION>0001</POSITION>
     <KEYFLAG>X</KEYFLAG>
     <ROLLNAME>MANDT</ROLLNAME>
     <ADMINFIELD>0</ADMINFIELD>
     <NOTNULL>X</NOTNULL>
     <COMPTYPE>E</COMPTYPE>
    </DD03P>
    <DD03P>
     <TABNAME>ZOBS_LOG</TABNAME>
     <FIELDNAME>LOGID</FIELDNAME>
     <POSITION>0002</POSITION>
     <KEYFLAG>X</KEYFLAG>
     <ROLLNAME>ZLOGID_OBS</ROLLNAME>
     <ADMINFIELD>0</ADMINFIELD>
     <NOTNULL>X</NOTNULL>
     <COMPTYPE>E</COMPTYPE>
    </DD03P>
    <DD03P>
     <TABNAME>ZOBS_LOG</TABNAME>
     <FIELDNAME>BUCKET</FIELDNAME>
     <POSITION>0003</POSITION>
     <ROLLNAME>ZZBUCKET_OBS</ROLLNAME>
     <ADMINFIELD>0</ADMINFIELD>
     <SHLPORIGIN>D</SHLPORIGIN>
     <COMPTYPE>E</COMPTYPE>
    </DD03P>
    <DD03P>
     <TABNAME>ZOBS_LOG</TABNAME>
     <FIELDNAME>OBJECTKEY</FIELDNAME>
     <POSITION>0004</POSITION>
     <ROLLNAME>ZZOBJECTKEY_OBS</ROLLNAME>
     <ADMINFIELD>0</ADMINFIELD>
     <COMPTYPE>E</COMPTYPE>
    </DD03P>
    <DD03P>
     <TABNAME>ZOBS_LOG</TABNAME>
     <FIELDNAME>UUID</FIELDNAME>
     <POSITION>0005</POSITION>
     <ROLLNAME>SYSUUID_C32</ROLLNAME>
     <ADMINFIELD>0</ADMINFIELD>
     <COMPTYPE>E</COMPTYPE>
    </DD03P>
    <DD03P>
     <TABNAME>ZOBS_LOG</TABNAME>
     <FIELDNAME>ACTION</FIELDNAME>
     <POSITION>0006</POSITION>
     <ROLLNAME>ZZACTION_OBS</ROLLNAME>
     <ADMINFIELD>0</ADMINFIELD>
     <VALEXI>X</VALEXI>
     <SHLPORIGIN>F</SHLPORIGIN>
     <COMPTYPE>E</COMPTYPE>
    </DD03P>
    <DD03P>
     <TABNAME>ZOBS_LOG</TABNAME>
     <FIELDNAME>.INCLUDE</FIELDNAME>
     <DDLANGUAGE>1</DDLANGUAGE>
     <POSITION>0007</POSITION>
     <ADMINFIELD>0</ADMINFIELD>
     <PRECFIELD>ZOBS_SIGNTRUE</PRECFIELD>
     <MASK>      S</MASK>
     <DDTEXT>OBS Signtrue</DDTEXT>
     <COMPTYPE>S</COMPTYPE>
    </DD03P>
    <DD03P>
     <TABNAME>ZOBS_LOG</TABNAME>
     <FIELDNAME>.INCLUDE</FIELDNAME>
     <DDLANGUAGE>1</DDLANGUAGE>
     <POSITION>0020</POSITION>
     <ADMINFIELD>0</ADMINFIELD>
     <PRECFIELD>ZOBSS_RETURN</PRECFIELD>
     <MASK>      S</MASK>
     <DDTEXT>OBS 返回结果</DDTEXT>
     <COMPTYPE>S</COMPTYPE>
    </DD03P>
    <DD03P>
     <TABNAME>ZOBS_LOG</TABNAME>
     <FIELDNAME>TYPE</FIELDNAME>
     <POSITION>0025</POSITION>
     <ROLLNAME>BAPI_MTYPE</ROLLNAME>
     <ADMINFIELD>0</ADMINFIELD>
     <COMPTYPE>E</COMPTYPE>
    </DD03P>
    <DD03P>
     <TABNAME>ZOBS_LOG</TABNAME>
     <FIELDNAME>MSGID</FIELDNAME>
     <POSITION>0026</POSITION>
     <ROLLNAME>SYMSGID</ROLLNAME>
     <ADMINFIELD>0</ADMINFIELD>
     <COMPTYPE>E</COMPTYPE>
    </DD03P>
    <DD03P>
     <TABNAME>ZOBS_LOG</TABNAME>
     <FIELDNAME>MSGNO</FIELDNAME>
     <POSITION>0027</POSITION>
     <ROLLNAME>SYMSGNO</ROLLNAME>
     <ADMINFIELD>0</ADMINFIELD>
     <COMPTYPE>E</COMPTYPE>
    </DD03P>
    <DD03P>
     <TABNAME>ZOBS_LOG</TABNAME>
     <FIELDNAME>MESSAGE</FIELDNAME>
     <POSITION>0028</POSITION>
     <ROLLNAME>BAPI_MSG</ROLLNAME>
     <ADMINFIELD>0</ADMINFIELD>
     <COMPTYPE>E</COMPTYPE>
    </DD03P>
    <DD03P>
     <TABNAME>ZOBS_LOG</TABNAME>
     <FIELDNAME>ICON</FIELDNAME>
     <POSITION>0029</POSITION>
     <ROLLNAME>ICON_D</ROLLNAME>
     <ADMINFIELD>0</ADMINFIELD>
     <COMPTYPE>E</COMPTYPE>
    </DD03P>
    <DD03P>
     <TABNAME>ZOBS_LOG</TABNAME>
     <FIELDNAME>UNAME</FIELDNAME>
     <POSITION>0030</POSITION>
     <ROLLNAME>UNAME</ROLLNAME>
     <ADMINFIELD>0</ADMINFIELD>
     <COMPTYPE>E</COMPTYPE>
    </DD03P>
    <DD03P>
     <TABNAME>ZOBS_LOG</TABNAME>
     <FIELDNAME>UDATE</FIELDNAME>
     <POSITION>0031</POSITION>
     <ROLLNAME>AS4DATE</ROLLNAME>
     <ADMINFIELD>0</ADMINFIELD>
     <SHLPORIGIN>T</SHLPORIGIN>
     <COMPTYPE>E</COMPTYPE>
    </DD03P>
    <DD03P>
     <TABNAME>ZOBS_LOG</TABNAME>
     <FIELDNAME>UTIME</FIELDNAME>
     <POSITION>0032</POSITION>
     <ROLLNAME>UTIME</ROLLNAME>
     <ADMINFIELD>0</ADMINFIELD>
     <SHLPORIGIN>T</SHLPORIGIN>
     <COMPTYPE>E</COMPTYPE>
    </DD03P>
   </DD03P_TABLE>
  </asx:values>
 </asx:abap>
</abapGit>
