﻿<?xml version="1.0" encoding="utf-8"?>
<abapGit version="v1.0.0" serializer="LCL_OBJECT_SHLP" serializer_version="v1.0.0">
 <asx:abap xmlns:asx="http://www.sap.com/abapxml" version="1.0">
  <asx:values>
   <DD30V>
    <SHLPNAME>ZOBSSH_BUCKET</SHLPNAME>
    <DDLANGUAGE>1</DDLANGUAGE>
    <DDTEXT>OBS桶搜索帮助</DDTEXT>
    <ISSIMPLE>X</ISSIMPLE>
    <SELMETHOD>ZOBSSV_BUCKET</SELMETHOD>
    <SELMTYPE>V</SELMTYPE>
    <DIALOGTYPE>D</DIALOGTYPE>
    <FUZZY_SIMILARITY>0.8</FUZZY_SIMILARITY>
   </DD30V>
   <DD32P_TABLE>
    <DD32P>
     <SHLPNAME>ZOBSSH_BUCKET</SHLPNAME>
     <FIELDNAME>SYSID</FIELDNAME>
     <FLPOSITION>0001</FLPOSITION>
     <ROLLNAME>SYST_SYSID</ROLLNAME>
     <SHLPINPUT>X</SHLPINPUT>
     <SHLPOUTPUT>X</SHLPOUTPUT>
     <SHLPSELPOS>01</SHLPSELPOS>
     <SHLPLISPOS>01</SHLPLISPOS>
     <DEFAULTVAL>SY-SYSID</DEFAULTVAL>
     <DEFAULTTYP>S</DEFAULTTYP>
     <SCRLEN3>30</SCRLEN3>
    </DD32P>
    <DD32P>
     <SHLPNAME>ZOBSSH_BUCKET</SHLPNAME>
     <FIELDNAME>BUCKET</FIELDNAME>
     <FLPOSITION>0002</FLPOSITION>
     <ROLLNAME>ZZBUCKET_OBS</ROLLNAME>
     <SHLPINPUT>X</SHLPINPUT>
     <SHLPOUTPUT>X</SHLPOUTPUT>
     <SHLPSELPOS>02</SHLPSELPOS>
     <SHLPLISPOS>02</SHLPLISPOS>
     <SCRLEN3>40</SCRLEN3>
    </DD32P>
    <DD32P>
     <SHLPNAME>ZOBSSH_BUCKET</SHLPNAME>
     <FIELDNAME>ACTIVE</FIELDNAME>
     <FLPOSITION>0003</FLPOSITION>
     <ROLLNAME>ZACTIVE_OBS</ROLLNAME>
     <SHLPSELPOS>03</SHLPSELPOS>
     <SHLPLISPOS>03</SHLPLISPOS>
     <SCRLEN3>40</SCRLEN3>
    </DD32P>
    <DD32P>
     <SHLPNAME>ZOBSSH_BUCKET</SHLPNAME>
     <FIELDNAME>LOGLIFE</FIELDNAME>
     <FLPOSITION>0004</FLPOSITION>
     <ROLLNAME>ZZLOGLIFE_OBS</ROLLNAME>
     <SHLPSELPOS>04</SHLPSELPOS>
     <SHLPLISPOS>04</SHLPLISPOS>
     <SCRLEN3>40</SCRLEN3>
    </DD32P>
    <DD32P>
     <SHLPNAME>ZOBSSH_BUCKET</SHLPNAME>
     <FIELDNAME>PSIZE</FIELDNAME>
     <FLPOSITION>0005</FLPOSITION>
     <ROLLNAME>ZPACKAGE_OBS</ROLLNAME>
     <SHLPSELPOS>05</SHLPSELPOS>
     <SHLPLISPOS>05</SHLPLISPOS>
     <SCRLEN3>40</SCRLEN3>
    </DD32P>
    <DD32P>
     <SHLPNAME>ZOBSSH_BUCKET</SHLPNAME>
     <FIELDNAME>AUTOCLEAR</FIELDNAME>
     <FLPOSITION>0006</FLPOSITION>
     <ROLLNAME>ZAUTOCLEAR_OBS</ROLLNAME>
     <SHLPSELPOS>06</SHLPSELPOS>
     <SHLPLISPOS>06</SHLPLISPOS>
     <SCRLEN3>40</SCRLEN3>
    </DD32P>
    <DD32P>
     <SHLPNAME>ZOBSSH_BUCKET</SHLPNAME>
     <FIELDNAME>CLEARDATE</FIELDNAME>
     <FLPOSITION>0007</FLPOSITION>
     <ROLLNAME>ZCLEARDATE_OBS</ROLLNAME>
     <SHLPSELPOS>07</SHLPSELPOS>
     <SHLPLISPOS>07</SHLPLISPOS>
     <SCRLEN3>40</SCRLEN3>
    </DD32P>
   </DD32P_TABLE>
  </asx:values>
 </asx:abap>
</abapGit>
