﻿<?xml version="1.0" encoding="utf-8"?>
<abapGit version="v1.0.0" serializer="LCL_OBJECT_TABL" serializer_version="v1.0.0">
 <asx:abap xmlns:asx="http://www.sap.com/abapxml" version="1.0">
  <asx:values>
   <DD02V>
    <TABNAME>ZOBS_SIGNTRUE</TABNAME>
    <DDLANGUAGE>1</DDLANGUAGE>
    <TABCLASS>INTTAB</TABCLASS>
    <DDTEXT>OBS Signtrue</DDTEXT>
    <EXCLASS>4</EXCLASS>
   </DD02V>
   <DD03P_TABLE>
    <DD03P>
     <TABNAME>ZOBS_SIGNTRUE</TABNAME>
     <FIELDNAME>AUTHORTYPE</FIELDNAME>
     <POSITION>0001</POSITION>
     <ROLLNAME>ZAUTHORTYPE_OBS</ROLLNAME>
     <ADMINFIELD>0</ADMINFIELD>
     <VALEXI>X</VALEXI>
     <SHLPORIGIN>F</SHLPORIGIN>
     <COMPTYPE>E</COMPTYPE>
    </DD03P>
    <DD03P>
     <TABNAME>ZOBS_SIGNTRUE</TABNAME>
     <FIELDNAME>HTTPMETHOD</FIELDNAME>
     <POSITION>0002</POSITION>
     <ROLLNAME>ZZHTTPMETHOD_OBS</ROLLNAME>
     <ADMINFIELD>0</ADMINFIELD>
     <VALEXI>X</VALEXI>
     <SHLPORIGIN>F</SHLPORIGIN>
     <COMPTYPE>E</COMPTYPE>
    </DD03P>
    <DD03P>
     <TABNAME>ZOBS_SIGNTRUE</TABNAME>
     <FIELDNAME>ACCESSKEYID</FIELDNAME>
     <POSITION>0003</POSITION>
     <ROLLNAME>ZZOBSAK</ROLLNAME>
     <ADMINFIELD>0</ADMINFIELD>
     <COMPTYPE>E</COMPTYPE>
    </DD03P>
    <DD03P>
     <TABNAME>ZOBS_SIGNTRUE</TABNAME>
     <FIELDNAME>SECURITYKEY</FIELDNAME>
     <POSITION>0004</POSITION>
     <ROLLNAME>ZZOBSSK</ROLLNAME>
     <ADMINFIELD>0</ADMINFIELD>
     <COMPTYPE>E</COMPTYPE>
    </DD03P>
    <DD03P>
     <TABNAME>ZOBS_SIGNTRUE</TABNAME>
     <FIELDNAME>EXPIRES</FIELDNAME>
     <POSITION>0005</POSITION>
     <ROLLNAME>ZEXPIRES_OBS</ROLLNAME>
     <ADMINFIELD>0</ADMINFIELD>
     <COMPTYPE>E</COMPTYPE>
    </DD03P>
    <DD03P>
     <TABNAME>ZOBS_SIGNTRUE</TABNAME>
     <FIELDNAME>SIGNATURE</FIELDNAME>
     <POSITION>0006</POSITION>
     <ROLLNAME>ZSIGNATURE_OBS</ROLLNAME>
     <ADMINFIELD>0</ADMINFIELD>
     <COMPTYPE>E</COMPTYPE>
    </DD03P>
    <DD03P>
     <TABNAME>ZOBS_SIGNTRUE</TABNAME>
     <FIELDNAME>AUTHORIZATION</FIELDNAME>
     <POSITION>0007</POSITION>
     <ROLLNAME>ZAUTHORIZATION_OBS</ROLLNAME>
     <ADMINFIELD>0</ADMINFIELD>
     <COMPTYPE>E</COMPTYPE>
    </DD03P>
    <DD03P>
     <TABNAME>ZOBS_SIGNTRUE</TABNAME>
     <FIELDNAME>DATE</FIELDNAME>
     <POSITION>0008</POSITION>
     <ROLLNAME>ZDATE_OBS</ROLLNAME>
     <ADMINFIELD>0</ADMINFIELD>
     <COMPTYPE>E</COMPTYPE>
    </DD03P>
    <DD03P>
     <TABNAME>ZOBS_SIGNTRUE</TABNAME>
     <FIELDNAME>CANONICALIZEHEADERS</FIELDNAME>
     <POSITION>0009</POSITION>
     <ROLLNAME>ZHEADER_OBS</ROLLNAME>
     <ADMINFIELD>0</ADMINFIELD>
     <COMPTYPE>E</COMPTYPE>
    </DD03P>
    <DD03P>
     <TABNAME>ZOBS_SIGNTRUE</TABNAME>
     <FIELDNAME>CANONICALIZERESOURCE</FIELDNAME>
     <POSITION>0010</POSITION>
     <ROLLNAME>ZRESOURCE_OBS</ROLLNAME>
     <ADMINFIELD>0</ADMINFIELD>
     <COMPTYPE>E</COMPTYPE>
    </DD03P>
    <DD03P>
     <TABNAME>ZOBS_SIGNTRUE</TABNAME>
     <FIELDNAME>CONTENTTYPE</FIELDNAME>
     <POSITION>0011</POSITION>
     <ROLLNAME>ZCONTENTTYPE_OBS</ROLLNAME>
     <ADMINFIELD>0</ADMINFIELD>
     <COMPTYPE>E</COMPTYPE>
    </DD03P>
    <DD03P>
     <TABNAME>ZOBS_SIGNTRUE</TABNAME>
     <FIELDNAME>CONTENTMD5</FIELDNAME>
     <POSITION>0012</POSITION>
     <ROLLNAME>ZCONTENTMD5_OBS</ROLLNAME>
     <ADMINFIELD>0</ADMINFIELD>
     <COMPTYPE>E</COMPTYPE>
    </DD03P>
   </DD03P_TABLE>
  </asx:values>
 </asx:abap>
</abapGit>
