﻿<?xml version="1.0" encoding="utf-8"?>
<abapGit version="v1.0.0" serializer="LCL_OBJECT_DTEL" serializer_version="v1.0.0">
 <asx:abap xmlns:asx="http://www.sap.com/abapxml" version="1.0">
  <asx:values>
   <DD04V>
    <ROLLNAME>ZOBS_HTTP_HEADER_VAULE</ROLLNAME>
    <DDLANGUAGE>1</DDLANGUAGE>
    <DOMNAME>STRING</DOMNAME>
    <HEADLEN>55</HEADLEN>
    <SCRLEN1>10</SCRLEN1>
    <SCRLEN2>20</SCRLEN2>
    <SCRLEN3>40</SCRLEN3>
    <DDTEXT>http header value</DDTEXT>
    <REPTEXT>value</REPTEXT>
    <SCRTEXT_S>value</SCRTEXT_S>
    <SCRTEXT_M>value</SCRTEXT_M>
    <SCRTEXT_L>value</SCRTEXT_L>
    <DTELMASTER>1</DTELMASTER>
    <REFKIND>D</REFKIND>
   </DD04V>
  </asx:values>
 </asx:abap>
</abapGit>
