﻿<?xml version="1.0" encoding="utf-8"?>
<abapGit version="v1.0.0" serializer="LCL_OBJECT_TABL" serializer_version="v1.0.0">
 <asx:abap xmlns:asx="http://www.sap.com/abapxml" version="1.0">
  <asx:values>
   <DD02V>
    <TABNAME>ZOBS_LIST_BUCKET_RESULT</TABNAME>
    <DDLANGUAGE>1</DDLANGUAGE>
    <TABCLASS>INTTAB</TABCLASS>
    <DDTEXT>桶中对象列表</DDTEXT>
    <EXCLASS>1</EXCLASS>
   </DD02V>
   <DD03P_TABLE>
    <DD03P>
     <TABNAME>ZOBS_LIST_BUCKET_RESULT</TABNAME>
     <FIELDNAME>KEY</FIELDNAME>
     <POSITION>0001</POSITION>
     <ROLLNAME>ZZOBS_KEY</ROLLNAME>
     <ADMINFIELD>0</ADMINFIELD>
     <COMPTYPE>E</COMPTYPE>
    </DD03P>
    <DD03P>
     <TABNAME>ZOBS_LIST_BUCKET_RESULT</TABNAME>
     <FIELDNAME>LASTMODIFIED</FIELDNAME>
     <POSITION>0002</POSITION>
     <ROLLNAME>ZZOBS_LASTMODIFIED</ROLLNAME>
     <ADMINFIELD>0</ADMINFIELD>
     <COMPTYPE>E</COMPTYPE>
    </DD03P>
    <DD03P>
     <TABNAME>ZOBS_LIST_BUCKET_RESULT</TABNAME>
     <FIELDNAME>ETAG</FIELDNAME>
     <POSITION>0003</POSITION>
     <ROLLNAME>ZZOBS_ETAG</ROLLNAME>
     <ADMINFIELD>0</ADMINFIELD>
     <COMPTYPE>E</COMPTYPE>
    </DD03P>
    <DD03P>
     <TABNAME>ZOBS_LIST_BUCKET_RESULT</TABNAME>
     <FIELDNAME>SIZE</FIELDNAME>
     <POSITION>0004</POSITION>
     <ROLLNAME>ZZOBS_SIZE</ROLLNAME>
     <ADMINFIELD>0</ADMINFIELD>
     <COMPTYPE>E</COMPTYPE>
    </DD03P>
    <DD03P>
     <TABNAME>ZOBS_LIST_BUCKET_RESULT</TABNAME>
     <FIELDNAME>ID</FIELDNAME>
     <POSITION>0005</POSITION>
     <ROLLNAME>ZZOBS_ID</ROLLNAME>
     <ADMINFIELD>0</ADMINFIELD>
     <COMPTYPE>E</COMPTYPE>
    </DD03P>
    <DD03P>
     <TABNAME>ZOBS_LIST_BUCKET_RESULT</TABNAME>
     <FIELDNAME>STORAGECLASS</FIELDNAME>
     <POSITION>0006</POSITION>
     <ROLLNAME>ZZOBS_STORAGECLASS</ROLLNAME>
     <ADMINFIELD>0</ADMINFIELD>
     <COMPTYPE>E</COMPTYPE>
    </DD03P>
   </DD03P_TABLE>
  </asx:values>
 </asx:abap>
</abapGit>
