﻿<?xml version="1.0" encoding="utf-8"?>
<abapGit version="v1.0.0" serializer="LCL_OBJECT_TABL" serializer_version="v1.0.0">
 <asx:abap xmlns:asx="http://www.sap.com/abapxml" version="1.0">
  <asx:values>
   <DD02V>
    <TABNAME>ZOBSS_LOG_SELSCREEN</TABNAME>
    <DDLANGUAGE>1</DDLANGUAGE>
    <TABCLASS>INTTAB</TABCLASS>
    <DDTEXT>OBS Log Selection Screen</DDTEXT>
    <EXCLASS>3</EXCLASS>
   </DD02V>
   <DD03P_TABLE>
    <DD03P>
     <TABNAME>ZOBSS_LOG_SELSCREEN</TABNAME>
     <FIELDNAME>BUCKET</FIELDNAME>
     <POSITION>0001</POSITION>
     <ROLLNAME>ZZBUCKET_OBS</ROLLNAME>
     <ADMINFIELD>0</ADMINFIELD>
     <SHLPORIGIN>D</SHLPORIGIN>
     <COMPTYPE>E</COMPTYPE>
    </DD03P>
    <DD03P>
     <TABNAME>ZOBSS_LOG_SELSCREEN</TABNAME>
     <FIELDNAME>OBJECTKEY</FIELDNAME>
     <POSITION>0002</POSITION>
     <ROLLNAME>ZZOBJECTKEY_OBS</ROLLNAME>
     <ADMINFIELD>0</ADMINFIELD>
     <COMPTYPE>E</COMPTYPE>
    </DD03P>
    <DD03P>
     <TABNAME>ZOBSS_LOG_SELSCREEN</TABNAME>
     <FIELDNAME>ACTION</FIELDNAME>
     <POSITION>0003</POSITION>
     <ROLLNAME>ZZACTION_OBS</ROLLNAME>
     <ADMINFIELD>0</ADMINFIELD>
     <VALEXI>X</VALEXI>
     <SHLPORIGIN>F</SHLPORIGIN>
     <COMPTYPE>E</COMPTYPE>
    </DD03P>
    <DD03P>
     <TABNAME>ZOBSS_LOG_SELSCREEN</TABNAME>
     <FIELDNAME>HTTPMETHOD</FIELDNAME>
     <POSITION>0004</POSITION>
     <ROLLNAME>ZZHTTPMETHOD_OBS</ROLLNAME>
     <ADMINFIELD>0</ADMINFIELD>
     <VALEXI>X</VALEXI>
     <SHLPORIGIN>F</SHLPORIGIN>
     <COMPTYPE>E</COMPTYPE>
    </DD03P>
    <DD03P>
     <TABNAME>ZOBSS_LOG_SELSCREEN</TABNAME>
     <FIELDNAME>TYPE</FIELDNAME>
     <POSITION>0005</POSITION>
     <ROLLNAME>BAPI_MTYPE</ROLLNAME>
     <ADMINFIELD>0</ADMINFIELD>
     <COMPTYPE>E</COMPTYPE>
    </DD03P>
    <DD03P>
     <TABNAME>ZOBSS_LOG_SELSCREEN</TABNAME>
     <FIELDNAME>UNAME</FIELDNAME>
     <POSITION>0006</POSITION>
     <ROLLNAME>UNAME</ROLLNAME>
     <ADMINFIELD>0</ADMINFIELD>
     <COMPTYPE>E</COMPTYPE>
    </DD03P>
    <DD03P>
     <TABNAME>ZOBSS_LOG_SELSCREEN</TABNAME>
     <FIELDNAME>UDATE</FIELDNAME>
     <POSITION>0007</POSITION>
     <ROLLNAME>AS4DATE</ROLLNAME>
     <ADMINFIELD>0</ADMINFIELD>
     <SHLPORIGIN>T</SHLPORIGIN>
     <COMPTYPE>E</COMPTYPE>
    </DD03P>
    <DD03P>
     <TABNAME>ZOBSS_LOG_SELSCREEN</TABNAME>
     <FIELDNAME>UTIME</FIELDNAME>
     <POSITION>0008</POSITION>
     <ROLLNAME>UTIME</ROLLNAME>
     <ADMINFIELD>0</ADMINFIELD>
     <SHLPORIGIN>T</SHLPORIGIN>
     <COMPTYPE>E</COMPTYPE>
    </DD03P>
    <DD03P>
     <TABNAME>ZOBSS_LOG_SELSCREEN</TABNAME>
     <FIELDNAME>CODE</FIELDNAME>
     <POSITION>0009</POSITION>
     <ROLLNAME>ZOBS_CODE</ROLLNAME>
     <ADMINFIELD>0</ADMINFIELD>
     <COMPTYPE>E</COMPTYPE>
    </DD03P>
    <DD03P>
     <TABNAME>ZOBSS_LOG_SELSCREEN</TABNAME>
     <FIELDNAME>LOGID</FIELDNAME>
     <POSITION>0010</POSITION>
     <ROLLNAME>ZLOGID_OBS</ROLLNAME>
     <ADMINFIELD>0</ADMINFIELD>
     <COMPTYPE>E</COMPTYPE>
    </DD03P>
   </DD03P_TABLE>
  </asx:values>
 </asx:abap>
</abapGit>
