﻿<?xml version="1.0" encoding="utf-8"?>
<abapGit version="v1.0.0" serializer="LCL_OBJECT_INTF" serializer_version="v1.0.0">
 <asx:abap xmlns:asx="http://www.sap.com/abapxml" version="1.0">
  <asx:values>
   <VSEOINTERF>
    <CLSNAME>ZPIII_SI_BC000501_ERP2ERP_SYN</CLSNAME>
    <LANGU>1</LANGU>
    <DESCRIPT>Proxy Interface (generated)</DESCRIPT>
    <EXPOSURE>2</EXPOSURE>
    <STATE>1</STATE>
    <UNICODE>X</UNICODE>
    <CLSPROXY>X</CLSPROXY>
   </VSEOINTERF>
  </asx:values>
 </asx:abap>
</abapGit>
