﻿<?xml version="1.0" encoding="utf-8"?>
<abapGit version="v1.0.0" serializer="LCL_OBJECT_TABL" serializer_version="v1.0.0">
 <asx:abap xmlns:asx="http://www.sap.com/abapxml" version="1.0">
  <asx:values>
   <DD02V>
    <TABNAME>ZSALV_S_FCAT</TABNAME>
    <DDLANGUAGE>1</DDLANGUAGE>
    <TABCLASS>INTTAB</TABCLASS>
    <DDTEXT>SALV Field Catalog</DDTEXT>
    <EXCLASS>3</EXCLASS>
   </DD02V>
   <DD03P_TABLE>
    <DD03P>
     <TABNAME>ZSALV_S_FCAT</TABNAME>
     <FIELDNAME>COL_POS</FIELDNAME>
     <POSITION>0001</POSITION>
     <ROLLNAME>LVC_COLPOS</ROLLNAME>
     <ADMINFIELD>0</ADMINFIELD>
     <COMPTYPE>E</COMPTYPE>
    </DD03P>
    <DD03P>
     <TABNAME>ZSALV_S_FCAT</TABNAME>
     <FIELDNAME>FIELDNAME</FIELDNAME>
     <POSITION>0002</POSITION>
     <ROLLNAME>LVC_FNAME</ROLLNAME>
     <ADMINFIELD>0</ADMINFIELD>
     <COMPTYPE>E</COMPTYPE>
    </DD03P>
    <DD03P>
     <TABNAME>ZSALV_S_FCAT</TABNAME>
     <FIELDNAME>KEY</FIELDNAME>
     <POSITION>0003</POSITION>
     <ROLLNAME>LVC_KEY</ROLLNAME>
     <ADMINFIELD>0</ADMINFIELD>
     <COMPTYPE>E</COMPTYPE>
    </DD03P>
    <DD03P>
     <TABNAME>ZSALV_S_FCAT</TABNAME>
     <FIELDNAME>REF_FIELD</FIELDNAME>
     <POSITION>0004</POSITION>
     <ROLLNAME>LVC_RFNAME</ROLLNAME>
     <ADMINFIELD>0</ADMINFIELD>
     <COMPTYPE>E</COMPTYPE>
    </DD03P>
    <DD03P>
     <TABNAME>ZSALV_S_FCAT</TABNAME>
     <FIELDNAME>REF_TABLE</FIELDNAME>
     <POSITION>0005</POSITION>
     <ROLLNAME>LVC_RTNAME</ROLLNAME>
     <ADMINFIELD>0</ADMINFIELD>
     <COMPTYPE>E</COMPTYPE>
    </DD03P>
    <DD03P>
     <TABNAME>ZSALV_S_FCAT</TABNAME>
     <FIELDNAME>REPTEXT</FIELDNAME>
     <POSITION>0006</POSITION>
     <ROLLNAME>REPTEXT</ROLLNAME>
     <ADMINFIELD>0</ADMINFIELD>
     <COMPTYPE>E</COMPTYPE>
    </DD03P>
    <DD03P>
     <TABNAME>ZSALV_S_FCAT</TABNAME>
     <FIELDNAME>SCRTEXT_L</FIELDNAME>
     <POSITION>0007</POSITION>
     <ROLLNAME>SCRTEXT_L</ROLLNAME>
     <ADMINFIELD>0</ADMINFIELD>
     <COMPTYPE>E</COMPTYPE>
    </DD03P>
    <DD03P>
     <TABNAME>ZSALV_S_FCAT</TABNAME>
     <FIELDNAME>SCRTEXT_M</FIELDNAME>
     <POSITION>0008</POSITION>
     <ROLLNAME>SCRTEXT_M</ROLLNAME>
     <ADMINFIELD>0</ADMINFIELD>
     <COMPTYPE>E</COMPTYPE>
    </DD03P>
    <DD03P>
     <TABNAME>ZSALV_S_FCAT</TABNAME>
     <FIELDNAME>SCRTEXT_S</FIELDNAME>
     <POSITION>0009</POSITION>
     <ROLLNAME>SCRTEXT_S</ROLLNAME>
     <ADMINFIELD>0</ADMINFIELD>
     <COMPTYPE>E</COMPTYPE>
    </DD03P>
    <DD03P>
     <TABNAME>ZSALV_S_FCAT</TABNAME>
     <FIELDNAME>OUTPUTLEN</FIELDNAME>
     <POSITION>0010</POSITION>
     <ROLLNAME>LVC_OUTLEN</ROLLNAME>
     <ADMINFIELD>0</ADMINFIELD>
     <COMPTYPE>E</COMPTYPE>
    </DD03P>
    <DD03P>
     <TABNAME>ZSALV_S_FCAT</TABNAME>
     <FIELDNAME>COL_OPT</FIELDNAME>
     <POSITION>0011</POSITION>
     <ROLLNAME>LVC_COLOPT</ROLLNAME>
     <ADMINFIELD>0</ADMINFIELD>
     <VALEXI>X</VALEXI>
     <SHLPORIGIN>F</SHLPORIGIN>
     <COMPTYPE>E</COMPTYPE>
    </DD03P>
    <DD03P>
     <TABNAME>ZSALV_S_FCAT</TABNAME>
     <FIELDNAME>JUST</FIELDNAME>
     <POSITION>0012</POSITION>
     <ROLLNAME>LVC_JUST</ROLLNAME>
     <ADMINFIELD>0</ADMINFIELD>
     <COMPTYPE>E</COMPTYPE>
    </DD03P>
    <DD03P>
     <TABNAME>ZSALV_S_FCAT</TABNAME>
     <FIELDNAME>LZERO</FIELDNAME>
     <POSITION>0013</POSITION>
     <ROLLNAME>LVC_LZERO</ROLLNAME>
     <ADMINFIELD>0</ADMINFIELD>
     <VALEXI>X</VALEXI>
     <SHLPORIGIN>F</SHLPORIGIN>
     <COMPTYPE>E</COMPTYPE>
    </DD03P>
    <DD03P>
     <TABNAME>ZSALV_S_FCAT</TABNAME>
     <FIELDNAME>NO_SIGN</FIELDNAME>
     <POSITION>0014</POSITION>
     <ROLLNAME>LVC_NOSIGN</ROLLNAME>
     <ADMINFIELD>0</ADMINFIELD>
     <VALEXI>X</VALEXI>
     <SHLPORIGIN>F</SHLPORIGIN>
     <COMPTYPE>E</COMPTYPE>
    </DD03P>
    <DD03P>
     <TABNAME>ZSALV_S_FCAT</TABNAME>
     <FIELDNAME>NO_ZERO</FIELDNAME>
     <POSITION>0015</POSITION>
     <ROLLNAME>LVC_NOZERO</ROLLNAME>
     <ADMINFIELD>0</ADMINFIELD>
     <VALEXI>X</VALEXI>
     <SHLPORIGIN>F</SHLPORIGIN>
     <COMPTYPE>E</COMPTYPE>
    </DD03P>
    <DD03P>
     <TABNAME>ZSALV_S_FCAT</TABNAME>
     <FIELDNAME>NO_OUT</FIELDNAME>
     <POSITION>0016</POSITION>
     <ROLLNAME>LVC_NOOUT</ROLLNAME>
     <ADMINFIELD>0</ADMINFIELD>
     <COMPTYPE>E</COMPTYPE>
    </DD03P>
    <DD03P>
     <TABNAME>ZSALV_S_FCAT</TABNAME>
     <FIELDNAME>EDIT_MASK</FIELDNAME>
     <POSITION>0017</POSITION>
     <ROLLNAME>LVC_EDTMSK</ROLLNAME>
     <ADMINFIELD>0</ADMINFIELD>
     <COMPTYPE>E</COMPTYPE>
    </DD03P>
    <DD03P>
     <TABNAME>ZSALV_S_FCAT</TABNAME>
     <FIELDNAME>TECH</FIELDNAME>
     <POSITION>0018</POSITION>
     <ROLLNAME>LVC_TECH</ROLLNAME>
     <ADMINFIELD>0</ADMINFIELD>
     <VALEXI>X</VALEXI>
     <SHLPORIGIN>F</SHLPORIGIN>
     <COMPTYPE>E</COMPTYPE>
    </DD03P>
    <DD03P>
     <TABNAME>ZSALV_S_FCAT</TABNAME>
     <FIELDNAME>CONVEXIT</FIELDNAME>
     <POSITION>0019</POSITION>
     <ROLLNAME>CONVEXIT</ROLLNAME>
     <ADMINFIELD>0</ADMINFIELD>
     <COMPTYPE>E</COMPTYPE>
    </DD03P>
    <DD03P>
     <TABNAME>ZSALV_S_FCAT</TABNAME>
     <FIELDNAME>HOTSPOT</FIELDNAME>
     <POSITION>0020</POSITION>
     <ROLLNAME>LVC_HOTSPT</ROLLNAME>
     <ADMINFIELD>0</ADMINFIELD>
     <COMPTYPE>E</COMPTYPE>
    </DD03P>
    <DD03P>
     <TABNAME>ZSALV_S_FCAT</TABNAME>
     <FIELDNAME>LOWERCASE</FIELDNAME>
     <POSITION>0021</POSITION>
     <ROLLNAME>LOWERCASE</ROLLNAME>
     <ADMINFIELD>0</ADMINFIELD>
     <VALEXI>X</VALEXI>
     <SHLPORIGIN>F</SHLPORIGIN>
     <COMPTYPE>E</COMPTYPE>
    </DD03P>
    <DD03P>
     <TABNAME>ZSALV_S_FCAT</TABNAME>
     <FIELDNAME>TOOLTIP</FIELDNAME>
     <POSITION>0022</POSITION>
     <ROLLNAME>LVC_TIP</ROLLNAME>
     <ADMINFIELD>0</ADMINFIELD>
     <COMPTYPE>E</COMPTYPE>
    </DD03P>
    <DD03P>
     <TABNAME>ZSALV_S_FCAT</TABNAME>
     <FIELDNAME>DO_SUM</FIELDNAME>
     <POSITION>0023</POSITION>
     <ROLLNAME>LVC_DOSUM</ROLLNAME>
     <ADMINFIELD>0</ADMINFIELD>
     <VALEXI>X</VALEXI>
     <SHLPORIGIN>F</SHLPORIGIN>
     <COMPTYPE>E</COMPTYPE>
    </DD03P>
    <DD03P>
     <TABNAME>ZSALV_S_FCAT</TABNAME>
     <FIELDNAME>CHECKBOX</FIELDNAME>
     <POSITION>0024</POSITION>
     <ROLLNAME>LVC_CHECKB</ROLLNAME>
     <ADMINFIELD>0</ADMINFIELD>
     <VALEXI>X</VALEXI>
     <SHLPORIGIN>F</SHLPORIGIN>
     <COMPTYPE>E</COMPTYPE>
    </DD03P>
    <DD03P>
     <TABNAME>ZSALV_S_FCAT</TABNAME>
     <FIELDNAME>EDIT</FIELDNAME>
     <POSITION>0025</POSITION>
     <ROLLNAME>LVC_EDIT</ROLLNAME>
     <ADMINFIELD>0</ADMINFIELD>
     <COMPTYPE>E</COMPTYPE>
    </DD03P>
    <DD03P>
     <TABNAME>ZSALV_S_FCAT</TABNAME>
     <FIELDNAME>DECIMALS_O</FIELDNAME>
     <POSITION>0026</POSITION>
     <ROLLNAME>LVC_DECMLS</ROLLNAME>
     <ADMINFIELD>0</ADMINFIELD>
     <COMPTYPE>E</COMPTYPE>
    </DD03P>
   </DD03P_TABLE>
  </asx:values>
 </asx:abap>
</abapGit>
