﻿<?xml version="1.0" encoding="utf-8"?>
<abapGit version="v1.0.0" serializer="LCL_OBJECT_TABL" serializer_version="v1.0.0">
 <asx:abap xmlns:asx="http://www.sap.com/abapxml" version="1.0">
  <asx:values>
   <DD02V>
    <TABNAME>ZSALV_S_LAYOUT</TABNAME>
    <DDLANGUAGE>1</DDLANGUAGE>
    <TABCLASS>INTTAB</TABCLASS>
    <DDTEXT>SALV Layout</DDTEXT>
    <EXCLASS>3</EXCLASS>
   </DD02V>
   <DD03P_TABLE>
    <DD03P>
     <TABNAME>ZSALV_S_LAYOUT</TABNAME>
     <FIELDNAME>CWIDTH_OPT</FIELDNAME>
     <POSITION>0001</POSITION>
     <ROLLNAME>LVC_CWO</ROLLNAME>
     <ADMINFIELD>0</ADMINFIELD>
     <COMPTYPE>E</COMPTYPE>
    </DD03P>
    <DD03P>
     <TABNAME>ZSALV_S_LAYOUT</TABNAME>
     <FIELDNAME>ZEBRA</FIELDNAME>
     <POSITION>0002</POSITION>
     <ROLLNAME>LVC_ZEBRA</ROLLNAME>
     <ADMINFIELD>0</ADMINFIELD>
     <COMPTYPE>E</COMPTYPE>
    </DD03P>
    <DD03P>
     <TABNAME>ZSALV_S_LAYOUT</TABNAME>
     <FIELDNAME>EDIT</FIELDNAME>
     <POSITION>0003</POSITION>
     <ROLLNAME>LVC_EDIT</ROLLNAME>
     <ADMINFIELD>0</ADMINFIELD>
     <COMPTYPE>E</COMPTYPE>
    </DD03P>
    <DD03P>
     <TABNAME>ZSALV_S_LAYOUT</TABNAME>
     <FIELDNAME>REPORT</FIELDNAME>
     <POSITION>0004</POSITION>
     <ROLLNAME>REPID</ROLLNAME>
     <ADMINFIELD>0</ADMINFIELD>
     <COMPTYPE>E</COMPTYPE>
    </DD03P>
    <DD03P>
     <TABNAME>ZSALV_S_LAYOUT</TABNAME>
     <FIELDNAME>HANDLE</FIELDNAME>
     <POSITION>0005</POSITION>
     <ROLLNAME>SLIS_HANDL</ROLLNAME>
     <ADMINFIELD>0</ADMINFIELD>
     <COMPTYPE>E</COMPTYPE>
    </DD03P>
    <DD03P>
     <TABNAME>ZSALV_S_LAYOUT</TABNAME>
     <FIELDNAME>TITLE</FIELDNAME>
     <POSITION>0006</POSITION>
     <ROLLNAME>LVC_TITLE</ROLLNAME>
     <ADMINFIELD>0</ADMINFIELD>
     <COMPTYPE>E</COMPTYPE>
    </DD03P>
   </DD03P_TABLE>
  </asx:values>
 </asx:abap>
</abapGit>
