﻿<?xml version="1.0" encoding="utf-8"?>
<abapGit version="v1.0.0" serializer="LCL_OBJECT_WEBI" serializer_version="v1.0.0">
 <asx:abap xmlns:asx="http://www.sap.com/abapxml" version="1.0">
  <asx:values>
   <WEBI>
    <VEPTEXT>Proxy Interface (generated)</VEPTEXT>
    <PVEPHEADER>
     <VEPHEADER>
      <VEPNAME>ZSI_BC000501_ERP2ERP_SYN_IN</VEPNAME>
      <VERSION>A</VERSION>
      <SIESRNAME>SI_BC000501_ERP2ERP_Syn_In</SIESRNAME>
      <VEPNAMEEXT>ZSI_BC000501_ERP2ERP_Syn_In</VEPNAMEEXT>
     </VEPHEADER>
    </PVEPHEADER>
    <PVEPFUNCTION>
     <VEPFUNCTION>
      <VEPNAME>ZSI_BC000501_ERP2ERP_SYN_IN</VEPNAME>
      <VERSION>A</VERSION>
      <FUNCTION>SI_BC000501_ERP2ERP_SYN_IN</FUNCTION>
      <MAPPEDNAME>SI_BC000501_ERP2ERP_Syn_In</MAPPEDNAME>
      <IS_EXPOSED>X</IS_EXPOSED>
     </VEPFUNCTION>
    </PVEPFUNCTION>
    <PVEPENDPOINT>
     <VEPENDPOINT>
      <RELID>VI</RELID>
      <VEPNAME>ZSI_BC000501_ERP2ERP_SYN_IN</VEPNAME>
      <VERSION>A</VERSION>
      <ENDPOINTTYPE>XIPR</ENDPOINTTYPE>
      <DATA_VERSION>1</DATA_VERSION>
      <DEF_START_PT>O</DEF_START_PT>
      <AUTO_GENERATED>X</AUTO_GENERATED>
      <ENDPOINTNAME>ZPIII_SI_BC000501_ERP2ERP_SYN</ENDPOINTNAME>
      <CLUSTR>122</CLUSTR>
     </VEPENDPOINT>
    </PVEPENDPOINT>
    <PVEPVISOAPEXT>
     <VEPVISOAPEXT>
      <VEPNAME>ZSI_BC000501_ERP2ERP_SYN_IN</VEPNAME>
      <VERSION>A</VERSION>
      <NAMESPACE>http://www.deppon.com/ERP/BC</NAMESPACE>
      <SOAP_APPL_URI>urn:sap-com:soap:application:esr:server:710</SOAP_APPL_URI>
     </VEPVISOAPEXT>
    </PVEPVISOAPEXT>
    <PWSHEADER>
     <WSHEADER>
      <WSNAME>ZSI_BC000501_ERP2ERP_SYN_IN</WSNAME>
      <VERSION>A</VERSION>
      <WSNAMEEXT>ZSI_BC000501_ERP2ERP_Syn_In</WSNAMEEXT>
      <PREFIX>/sap/bc/srt/xip/sap/</PREFIX>
      <VINAME>ZSI_BC000501_ERP2ERP_SYN_IN</VINAME>
     </WSHEADER>
    </PWSHEADER>
    <PWSSOAPPROP>
     <WSSOAPPROP>
      <WSNAME>ZSI_BC000501_ERP2ERP_SYN_IN</WSNAME>
      <VERSION>A</VERSION>
      <FEATURE>http://www.sap.com/NW05/soap/features/blocking/</FEATURE>
      <SOAPAPP>XIPR</SOAPAPP>
      <FUNCREF>SI_BC000501_ERP2ERP_Syn_In</FUNCREF>
      <PROPNUM>0001</PROPNUM>
      <PROPNAME>enableBlocking</PROPNAME>
      <VALUE>true</VALUE>
      <PROFILE_URI>PRF_DT_OP_COM_SYNC</PROFILE_URI>
     </WSSOAPPROP>
     <WSSOAPPROP>
      <WSNAME>ZSI_BC000501_ERP2ERP_SYN_IN</WSNAME>
      <VERSION>A</VERSION>
      <FEATURE>http://www.sap.com/NW05/soap/features/commit/</FEATURE>
      <SOAPAPP>XIPR</SOAPAPP>
      <FUNCREF>SI_BC000501_ERP2ERP_Syn_In</FUNCREF>
      <PROPNUM>0001</PROPNUM>
      <PROPNAME>enableCommit</PROPNAME>
      <VALUE>false</VALUE>
      <PROFILE_URI>PRF_DT_OP_COM_SYNC</PROFILE_URI>
     </WSSOAPPROP>
     <WSSOAPPROP>
      <WSNAME>ZSI_BC000501_ERP2ERP_SYN_IN</WSNAME>
      <VERSION>A</VERSION>
      <FEATURE>http://www.sap.com/NW05/soap/features/transaction/</FEATURE>
      <SOAPAPP>XIPR</SOAPAPP>
      <FUNCREF>SI_BC000501_ERP2ERP_Syn_In</FUNCREF>
      <PROPNUM>0001</PROPNUM>
      <PROPNAME>required</PROPNAME>
      <VALUE>no</VALUE>
      <PROFILE_URI>PRF_DT_OP_COM_SYNC</PROFILE_URI>
     </WSSOAPPROP>
     <WSSOAPPROP>
      <WSNAME>ZSI_BC000501_ERP2ERP_SYN_IN</WSNAME>
      <VERSION>A</VERSION>
      <FEATURE>http://www.sap.com/NW05/soap/features/wsrm/</FEATURE>
      <SOAPAPP>XIPR</SOAPAPP>
      <FUNCREF>SI_BC000501_ERP2ERP_Syn_In</FUNCREF>
      <PROPNUM>0001</PROPNUM>
      <PROPNAME>enableWSRM</PROPNAME>
      <VALUE>false</VALUE>
      <PROFILE_URI>PRF_DT_OP_COM_SYNC</PROFILE_URI>
     </WSSOAPPROP>
     <WSSOAPPROP>
      <WSNAME>ZSI_BC000501_ERP2ERP_SYN_IN</WSNAME>
      <VERSION>A</VERSION>
      <FEATURE>http://www.sap.com/esi/NW05/rif/</FEATURE>
      <SOAPAPP>XIPR</SOAPAPP>
      <FUNCREF>SI_BC000501_ERP2ERP_Syn_In</FUNCREF>
      <PROPNUM>0001</PROPNUM>
      <PROPNAME>mep</PROPNAME>
      <VALUE>RequestResponse</VALUE>
      <PROFILE_URI>PRF_DT_OP_COM_SYNC</PROFILE_URI>
     </WSSOAPPROP>
     <WSSOAPPROP>
      <WSNAME>ZSI_BC000501_ERP2ERP_SYN_IN</WSNAME>
      <VERSION>A</VERSION>
      <FEATURE>http://www.sap.com/webas/630/soap/features/authentication/</FEATURE>
      <SOAPAPP>XIPR</SOAPAPP>
      <PROPNUM>0001</PROPNUM>
      <PROPNAME>AuthenticationLevel</PROPNAME>
      <VALUE>Basic</VALUE>
      <PROFILE_URI>PRF_DT_IF_SEC_LOW</PROFILE_URI>
     </WSSOAPPROP>
     <WSSOAPPROP>
      <WSNAME>ZSI_BC000501_ERP2ERP_SYN_IN</WSNAME>
      <VERSION>A</VERSION>
      <FEATURE>http://www.sap.com/webas/630/soap/features/session/</FEATURE>
      <SOAPAPP>XIPR</SOAPAPP>
      <PROPNUM>0001</PROPNUM>
      <PROPNAME>enableSession</PROPNAME>
      <VALUE>false</VALUE>
      <PROFILE_URI>PRF_DT_IF_COM_STATELESS</PROFILE_URI>
     </WSSOAPPROP>
     <WSSOAPPROP>
      <WSNAME>ZSI_BC000501_ERP2ERP_SYN_IN</WSNAME>
      <VERSION>A</VERSION>
      <FEATURE>http://www.sap.com/webas/630/soap/features/transportguarantee/</FEATURE>
      <SOAPAPP>XIPR</SOAPAPP>
      <PROPNUM>0001</PROPNUM>
      <PROPNAME>Level</PROPNAME>
      <VALUE>None</VALUE>
      <PROFILE_URI>PRF_DT_IF_SEC_LOW</PROFILE_URI>
     </WSSOAPPROP>
     <WSSOAPPROP>
      <WSNAME>ZSI_BC000501_ERP2ERP_SYN_IN</WSNAME>
      <VERSION>A</VERSION>
      <FEATURE>http://www.sap.com/webas/640/soap/features/messageId/</FEATURE>
      <SOAPAPP>XIPR</SOAPAPP>
      <PROPNUM>0001</PROPNUM>
      <PROPNAME>enableMessageId</PROPNAME>
      <VALUE>true</VALUE>
      <PROFILE_URI>PRF_DT_IF_COM_STATELESS</PROFILE_URI>
     </WSSOAPPROP>
    </PWSSOAPPROP>
   </WEBI>
   <SOTR>
    <item>
     <HEADER>
      <CONCEPT>FA163E23BAD51EDBA28C14D99ACDF4A2</CONCEPT>
      <CREA_LAN>1</CREA_LAN>
      <TRALA_TYPE>1</TRALA_TYPE>
      <OBJID_VEC>AAg=</OBJID_VEC>
     </HEADER>
     <ENTRIES>
      <SOTR_TEXT>
       <CONCEPT>FA163E23BAD51EDBA28C14D99ACDF4A2</CONCEPT>
       <LANGU>1</LANGU>
       <LFD_NUM>0001</LFD_NUM>
       <FLAG_CNTXT>X</FLAG_CNTXT>
       <STATUS>R</STATUS>
       <LENGTH>041</LENGTH>
       <TEXT>Proxy Interface (generated)</TEXT>
      </SOTR_TEXT>
     </ENTRIES>
    </item>
   </SOTR>
   <SOTR_USE>
    <SOTR_USE>
     <PGMID>R3TR</PGMID>
     <OBJECT>WEBI</OBJECT>
     <OBJ_NAME>ZSI_BC000501_ERP2ERP_SYN_IN</OBJ_NAME>
     <CONCEPT>FA163E23BAD51EDBA28C14D99ACDF4A2</CONCEPT>
     <LFD_NUM>0001</LFD_NUM>
    </SOTR_USE>
   </SOTR_USE>
  </asx:values>
 </asx:abap>
</abapGit>
