﻿<?xml version="1.0" encoding="utf-8"?>
<abapGit version="v1.0.0" serializer="LCL_OBJECT_TTYP" serializer_version="v1.0.0">
 <asx:abap xmlns:asx="http://www.sap.com/abapxml" version="1.0">
  <asx:values>
   <DD40V>
    <TYPENAME>ZUTIME_OBS_RANGE_TAB</TYPENAME>
    <DDLANGUAGE>1</DDLANGUAGE>
    <ROWTYPE>ZUTIME_OBS_RANGE</ROWTYPE>
    <ROWKIND>S</ROWKIND>
    <DATATYPE>STRU</DATATYPE>
    <ACCESSMODE>T</ACCESSMODE>
    <KEYDEF>D</KEYDEF>
    <KEYKIND>N</KEYKIND>
    <DDTEXT>OBS时间范围</DDTEXT>
    <TTYPKIND>R</TTYPKIND>
    <RANGE_CTYP>UZEIT</RANGE_CTYP>
    <CTDATATYPE>TIMS</CTDATATYPE>
    <CTLENG>000006</CTLENG>
   </DD40V>
  </asx:values>
 </asx:abap>
</abapGit>
