﻿<?xml version="1.0" encoding="utf-8"?>
<abapGit version="v1.0.0" serializer="LCL_OBJECT_DOMA" serializer_version="v1.0.0">
 <asx:abap xmlns:asx="http://www.sap.com/abapxml" version="1.0">
  <asx:values>
   <DD01V>
    <DOMNAME>ZZACTION_OBS</DOMNAME>
    <DDLANGUAGE>1</DDLANGUAGE>
    <DATATYPE>CHAR</DATATYPE>
    <LENG>000010</LENG>
    <OUTPUTLEN>000010</OUTPUTLEN>
    <VALEXI>X</VALEXI>
    <DDTEXT>OBS操作</DDTEXT>
   </DD01V>
   <DD07V_TAB>
    <DD07V>
     <DOMNAME>ZZACTION_OBS</DOMNAME>
     <VALPOS>0001</VALPOS>
     <DDLANGUAGE>1</DDLANGUAGE>
     <DOMVALUE_L>COPY</DOMVALUE_L>
     <DDTEXT>复制对象</DDTEXT>
    </DD07V>
    <DD07V>
     <DOMNAME>ZZACTION_OBS</DOMNAME>
     <VALPOS>0002</VALPOS>
     <DDLANGUAGE>1</DDLANGUAGE>
     <DOMVALUE_L>DELETE</DOMVALUE_L>
     <DDTEXT>删除对象</DDTEXT>
    </DD07V>
    <DD07V>
     <DOMNAME>ZZACTION_OBS</DOMNAME>
     <VALPOS>0003</VALPOS>
     <DDLANGUAGE>1</DDLANGUAGE>
     <DOMVALUE_L>DISPLAY</DOMVALUE_L>
     <DDTEXT>显示对象</DDTEXT>
    </DD07V>
    <DD07V>
     <DOMNAME>ZZACTION_OBS</DOMNAME>
     <VALPOS>0004</VALPOS>
     <DDLANGUAGE>1</DDLANGUAGE>
     <DOMVALUE_L>DOWNLOAD</DOMVALUE_L>
     <DDTEXT>下载对象</DDTEXT>
    </DD07V>
    <DD07V>
     <DOMNAME>ZZACTION_OBS</DOMNAME>
     <VALPOS>0005</VALPOS>
     <DDLANGUAGE>1</DDLANGUAGE>
     <DOMVALUE_L>UPLOAD</DOMVALUE_L>
     <DDTEXT>上载对象</DDTEXT>
    </DD07V>
    <DD07V>
     <DOMNAME>ZZACTION_OBS</DOMNAME>
     <VALPOS>0006</VALPOS>
     <DDLANGUAGE>1</DDLANGUAGE>
     <DOMVALUE_L>GETOBJLIST</DOMVALUE_L>
     <DDTEXT>获取桶内对象列表</DDTEXT>
    </DD07V>
   </DD07V_TAB>
  </asx:values>
 </asx:abap>
</abapGit>
