﻿<?xml version="1.0" encoding="utf-8"?>
<abapGit version="v1.0.0" serializer="LCL_OBJECT_DTEL" serializer_version="v1.0.0">
 <asx:abap xmlns:asx="http://www.sap.com/abapxml" version="1.0">
  <asx:values>
   <DD04V>
    <ROLLNAME>ZZBUCKET_OBS</ROLLNAME>
    <DDLANGUAGE>1</DDLANGUAGE>
    <DOMNAME>ZZBUCKET_OBS</DOMNAME>
    <HEADLEN>55</HEADLEN>
    <SCRLEN1>10</SCRLEN1>
    <SCRLEN2>20</SCRLEN2>
    <SCRLEN3>40</SCRLEN3>
    <DDTEXT>OBS桶</DDTEXT>
    <REPTEXT>OBS桶</REPTEXT>
    <SCRTEXT_S>OBS桶</SCRTEXT_S>
    <SCRTEXT_M>OBS桶</SCRTEXT_M>
    <SCRTEXT_L>OBS桶</SCRTEXT_L>
    <DTELMASTER>1</DTELMASTER>
    <SHLPNAME>ZOBSSH_BUCKET</SHLPNAME>
    <SHLPFIELD>BUCKET</SHLPFIELD>
    <REFKIND>D</REFKIND>
   </DD04V>
  </asx:values>
 </asx:abap>
</abapGit>
