﻿<?xml version="1.0" encoding="utf-8"?>
<abapGit version="v1.0.0" serializer="LCL_OBJECT_DOMA" serializer_version="v1.0.0">
 <asx:abap xmlns:asx="http://www.sap.com/abapxml" version="1.0">
  <asx:values>
   <DD01V>
    <DOMNAME>ZZHTTPMETHOD_OBS</DOMNAME>
    <DDLANGUAGE>1</DDLANGUAGE>
    <DATATYPE>CHAR</DATATYPE>
    <LENG>000010</LENG>
    <OUTPUTLEN>000010</OUTPUTLEN>
    <VALEXI>X</VALEXI>
    <DDTEXT>Http Method</DDTEXT>
   </DD01V>
   <DD07V_TAB>
    <DD07V>
     <DOMNAME>ZZHTTPMETHOD_OBS</DOMNAME>
     <VALPOS>0001</VALPOS>
     <DDLANGUAGE>1</DDLANGUAGE>
     <DOMVALUE_L>GET</DOMVALUE_L>
     <DDTEXT>GET</DDTEXT>
    </DD07V>
    <DD07V>
     <DOMNAME>ZZHTTPMETHOD_OBS</DOMNAME>
     <VALPOS>0002</VALPOS>
     <DDLANGUAGE>1</DDLANGUAGE>
     <DOMVALUE_L>PUT</DOMVALUE_L>
     <DDTEXT>PUT</DDTEXT>
    </DD07V>
    <DD07V>
     <DOMNAME>ZZHTTPMETHOD_OBS</DOMNAME>
     <VALPOS>0003</VALPOS>
     <DDLANGUAGE>1</DDLANGUAGE>
     <DOMVALUE_L>POST</DOMVALUE_L>
     <DDTEXT>POST</DDTEXT>
    </DD07V>
    <DD07V>
     <DOMNAME>ZZHTTPMETHOD_OBS</DOMNAME>
     <VALPOS>0004</VALPOS>
     <DDLANGUAGE>1</DDLANGUAGE>
     <DOMVALUE_L>DELETE</DOMVALUE_L>
     <DDTEXT>DELETE</DDTEXT>
    </DD07V>
   </DD07V_TAB>
  </asx:values>
 </asx:abap>
</abapGit>
