﻿<?xml version="1.0" encoding="utf-8"?>
<abapGit version="v1.0.0" serializer="LCL_OBJECT_DTEL" serializer_version="v1.0.0">
 <asx:abap xmlns:asx="http://www.sap.com/abapxml" version="1.0">
  <asx:values>
   <DD04V>
    <ROLLNAME>ZZMAXKEYS_OBS</ROLLNAME>
    <DDLANGUAGE>1</DDLANGUAGE>
    <DOMNAME>INT4</DOMNAME>
    <HEADLEN>11</HEADLEN>
    <SCRLEN1>10</SCRLEN1>
    <SCRLEN2>20</SCRLEN2>
    <SCRLEN3>40</SCRLEN3>
    <DDTEXT>返回的最大对象数</DDTEXT>
    <REPTEXT>返回的最大对象数</REPTEXT>
    <SCRTEXT_S>返回的最大对象数</SCRTEXT_S>
    <SCRTEXT_M>返回的最大对象数</SCRTEXT_M>
    <SCRTEXT_L>返回的最大对象数</SCRTEXT_L>
    <DTELMASTER>1</DTELMASTER>
    <REFKIND>D</REFKIND>
   </DD04V>
   <LONGTEXTS>
    <item>
     <DOKIL>
      <ID>DE</ID>
      <OBJECT>ZZMAXKEYS_OBS</OBJECT>
      <LANGU>1</LANGU>
      <TYP>E</TYP>
      <VERSION>0001</VERSION>
      <MASTERLANG>X</MASTERLANG>
      <TXTLINES>00003</TXTLINES>
      <DOKSTATE>A</DOKSTATE>
     </DOKIL>
     <HEAD>
      <TDOBJECT>DOKU</TDOBJECT>
      <TDNAME>ZZMAXKEYS_OBS</TDNAME>
      <TDID>DE</TDID>
      <TDSPRAS>1</TDSPRAS>
      <TDFORM>S_DOCU_SHOW</TDFORM>
      <TDSTYLE>S_DOCUS1</TDSTYLE>
      <TDVERSION>00001</TDVERSION>
      <TDLINESIZE>072</TDLINESIZE>
     </HEAD>
     <LINES>
      <TLINE>
       <TDFORMAT>U1</TDFORMAT>
       <TDLINE>&amp;DEFINITION&amp;</TDLINE>
      </TLINE>
      <TLINE>
       <TDFORMAT>*</TDFORMAT>
       <TDLINE>指定返回的最大对象数，返回的对象列表将是按照字典顺序的最多前max-keys个对</TDLINE>
      </TLINE>
      <TLINE>
       <TDLINE>象，范围是[1，1000]，超出范围时，按照默认的1000进行处理。</TDLINE>
      </TLINE>
      <TLINE>
       <TDFORMAT>*</TDFORMAT>
       <TDLINE>类型：Integer</TDLINE>
      </TLINE>
      <TLINE>
       <TDFORMAT>AS</TDFORMAT>
      </TLINE>
      <TLINE>
       <TDFORMAT>U1</TDFORMAT>
       <TDLINE>&amp;USE&amp;</TDLINE>
      </TLINE>
      <TLINE>
       <TDFORMAT>AS</TDFORMAT>
      </TLINE>
      <TLINE>
       <TDFORMAT>U1</TDFORMAT>
       <TDLINE>&amp;DEPENDENCIES&amp;</TDLINE>
      </TLINE>
      <TLINE>
       <TDFORMAT>AS</TDFORMAT>
      </TLINE>
      <TLINE>
       <TDFORMAT>U1</TDFORMAT>
       <TDLINE>&amp;EXAMPLE&amp;</TDLINE>
      </TLINE>
      <TLINE>
       <TDFORMAT>AS</TDFORMAT>
      </TLINE>
     </LINES>
    </item>
   </LONGTEXTS>
  </asx:values>
 </asx:abap>
</abapGit>
