﻿<?xml version="1.0" encoding="utf-8"?>
<abapGit version="v1.0.0" serializer="LCL_OBJECT_DTEL" serializer_version="v1.0.0">
 <asx:abap xmlns:asx="http://www.sap.com/abapxml" version="1.0">
  <asx:values>
   <DD04V>
    <ROLLNAME>ZZMARKER_OBS</ROLLNAME>
    <DDLANGUAGE>1</DDLANGUAGE>
    <DOMNAME>STRING</DOMNAME>
    <HEADLEN>05</HEADLEN>
    <SCRLEN1>05</SCRLEN1>
    <SCRLEN2>05</SCRLEN2>
    <SCRLEN3>05</SCRLEN3>
    <DDTEXT>列举桶内对象列表时，指定一个标识符，从该标识符以后按字典顺序返回对象列表</DDTEXT>
    <REPTEXT>起始标识符</REPTEXT>
    <SCRTEXT_S>起始标识符</SCRTEXT_S>
    <SCRTEXT_M>起始标识符</SCRTEXT_M>
    <SCRTEXT_L>起始标识符</SCRTEXT_L>
    <DTELMASTER>1</DTELMASTER>
    <REFKIND>D</REFKIND>
   </DD04V>
   <LONGTEXTS>
    <item>
     <DOKIL>
      <ID>DE</ID>
      <OBJECT>ZZMARKER_OBS</OBJECT>
      <LANGU>1</LANGU>
      <TYP>E</TYP>
      <VERSION>0001</VERSION>
      <MASTERLANG>X</MASTERLANG>
      <TXTLINES>00003</TXTLINES>
      <DOKSTATE>R</DOKSTATE>
     </DOKIL>
     <HEAD>
      <TDOBJECT>DOKU</TDOBJECT>
      <TDNAME>ZZMARKER_OBS</TDNAME>
      <TDID>DE</TDID>
      <TDSPRAS>1</TDSPRAS>
      <TDFORM>S_DOCU_SHOW</TDFORM>
      <TDSTYLE>S_DOCUS1</TDSTYLE>
      <TDVERSION>00001</TDVERSION>
      <TDLINESIZE>072</TDLINESIZE>
     </HEAD>
     <LINES>
      <TLINE>
       <TDFORMAT>U1</TDFORMAT>
       <TDLINE>&amp;DEFINITION&amp;</TDLINE>
      </TLINE>
      <TLINE>
       <TDFORMAT>*</TDFORMAT>
       <TDLINE>列举桶内对象列表时，指定一个标识符，从该标识符以后按字典顺序返回对象列表</TDLINE>
      </TLINE>
      <TLINE>
       <TDLINE>。</TDLINE>
      </TLINE>
      <TLINE>
       <TDFORMAT>*</TDFORMAT>
       <TDLINE>类型：String</TDLINE>
      </TLINE>
      <TLINE>
       <TDFORMAT>AS</TDFORMAT>
      </TLINE>
      <TLINE>
       <TDFORMAT>U1</TDFORMAT>
       <TDLINE>&amp;USE&amp;</TDLINE>
      </TLINE>
      <TLINE>
       <TDFORMAT>AS</TDFORMAT>
      </TLINE>
      <TLINE>
       <TDFORMAT>U1</TDFORMAT>
       <TDLINE>&amp;DEPENDENCIES&amp;</TDLINE>
      </TLINE>
      <TLINE>
       <TDFORMAT>AS</TDFORMAT>
      </TLINE>
      <TLINE>
       <TDFORMAT>U1</TDFORMAT>
       <TDLINE>&amp;EXAMPLE&amp;</TDLINE>
      </TLINE>
      <TLINE>
       <TDFORMAT>AS</TDFORMAT>
      </TLINE>
     </LINES>
    </item>
   </LONGTEXTS>
  </asx:values>
 </asx:abap>
</abapGit>
