﻿<?xml version="1.0" encoding="utf-8"?>
<abapGit version="v1.0.0" serializer="LCL_OBJECT_DTEL" serializer_version="v1.0.0">
 <asx:abap xmlns:asx="http://www.sap.com/abapxml" version="1.0">
  <asx:values>
   <DD04V>
    <ROLLNAME>ZZOBJECTKEY_OBS</ROLLNAME>
    <DDLANGUAGE>1</DDLANGUAGE>
    <DOMNAME>ZZOBJECTKEY_OBS</DOMNAME>
    <HEADLEN>10</HEADLEN>
    <SCRLEN1>10</SCRLEN1>
    <SCRLEN2>10</SCRLEN2>
    <SCRLEN3>10</SCRLEN3>
    <DDTEXT>OBS Object Key</DDTEXT>
    <REPTEXT>Object Key</REPTEXT>
    <SCRTEXT_S>Object Key</SCRTEXT_S>
    <SCRTEXT_M>Object Key</SCRTEXT_M>
    <SCRTEXT_L>Object Key</SCRTEXT_L>
    <DTELMASTER>1</DTELMASTER>
    <REFKIND>D</REFKIND>
   </DD04V>
  </asx:values>
 </asx:abap>
</abapGit>
