﻿<?xml version="1.0" encoding="utf-8"?>
<abapGit version="v1.0.0" serializer="LCL_OBJECT_DTEL" serializer_version="v1.0.0">
 <asx:abap xmlns:asx="http://www.sap.com/abapxml" version="1.0">
  <asx:values>
   <DD04V>
    <ROLLNAME>ZZOBS_LASTMODIFIED</ROLLNAME>
    <DDLANGUAGE>1</DDLANGUAGE>
    <DOMNAME>STRING</DOMNAME>
    <HEADLEN>55</HEADLEN>
    <SCRLEN1>10</SCRLEN1>
    <SCRLEN2>20</SCRLEN2>
    <SCRLEN3>40</SCRLEN3>
    <DDTEXT>对象最近一次被修改的时间（UTC时间）</DDTEXT>
    <REPTEXT>对象最近一次被修改的时间（UTC时间）</REPTEXT>
    <SCRTEXT_S>最近一次被修改的时间</SCRTEXT_S>
    <SCRTEXT_M>对象最近一次被修改的时间（UTC时间）</SCRTEXT_M>
    <SCRTEXT_L>对象最近一次被修改的时间（UTC时间）</SCRTEXT_L>
    <DTELMASTER>1</DTELMASTER>
    <REFKIND>D</REFKIND>
   </DD04V>
  </asx:values>
 </asx:abap>
</abapGit>
