﻿<?xml version="1.0" encoding="utf-8"?>
<abapGit version="v1.0.0" serializer="LCL_OBJECT_DTEL" serializer_version="v1.0.0">
 <asx:abap xmlns:asx="http://www.sap.com/abapxml" version="1.0">
  <asx:values>
   <DD04V>
    <ROLLNAME>ZZOBS_ETAG</ROLLNAME>
    <DDLANGUAGE>1</DDLANGUAGE>
    <DOMNAME>STRING</DOMNAME>
    <HEADLEN>55</HEADLEN>
    <SCRLEN1>10</SCRLEN1>
    <SCRLEN2>20</SCRLEN2>
    <SCRLEN3>40</SCRLEN3>
    <DDTEXT>对象的base64编码的128位MD5摘要</DDTEXT>
    <REPTEXT>ETag</REPTEXT>
    <SCRTEXT_S>ETag</SCRTEXT_S>
    <SCRTEXT_M>对象的base64编码的128位MD5摘</SCRTEXT_M>
    <SCRTEXT_L>对象的base64编码的128位MD5摘要</SCRTEXT_L>
    <DTELMASTER>1</DTELMASTER>
    <REFKIND>D</REFKIND>
   </DD04V>
   <LONGTEXTS>
    <item>
     <DOKIL>
      <ID>DE</ID>
      <OBJECT>ZZOBS_ETAG</OBJECT>
      <LANGU>1</LANGU>
      <TYP>E</TYP>
      <VERSION>0002</VERSION>
      <MASTERLANG>X</MASTERLANG>
      <TXTLINES>00006</TXTLINES>
      <DOKSTATE>A</DOKSTATE>
     </DOKIL>
     <HEAD>
      <TDOBJECT>DOKU</TDOBJECT>
      <TDNAME>ZZOBS_ETAG</TDNAME>
      <TDID>DE</TDID>
      <TDSPRAS>1</TDSPRAS>
      <TDFORM>S_DOCU_SHOW</TDFORM>
      <TDSTYLE>S_DOCUS1</TDSTYLE>
      <TDVERSION>00002</TDVERSION>
      <TDLINESIZE>072</TDLINESIZE>
     </HEAD>
     <LINES>
      <TLINE>
       <TDFORMAT>U1</TDFORMAT>
       <TDLINE>&amp;DEFINITION&amp;</TDLINE>
      </TLINE>
      <TLINE>
       <TDFORMAT>AS</TDFORMAT>
       <TDLINE>对象的base64编码的128位MD5摘要。ETag是对象内容的唯一标识，可以通过该值识</TDLINE>
      </TLINE>
      <TLINE>
       <TDLINE>别对象内容是否有变化。比如上传对象时ETag为A，下载对象时ETag为B，则说明对</TDLINE>
      </TLINE>
      <TLINE>
       <TDLINE>象内容发生了变化。实际的ETag是对象的哈希值。ETag只反映变化的内容，而不是</TDLINE>
      </TLINE>
      <TLINE>
       <TDLINE>其元数据。上传的对象或拷贝操作创建的对象，通过MD5加密后都有唯一的ETag。</TDLINE>
      </TLINE>
      <TLINE>
       <TDLINE>（当对象是服务端加密的对象时，ETag值不是对象的MD5值，而是通过服务端加密</TDLINE>
      </TLINE>
      <TLINE>
       <TDLINE>计算出的唯一标识。）</TDLINE>
      </TLINE>
      <TLINE>
       <TDFORMAT>U1</TDFORMAT>
       <TDLINE>&amp;USE&amp;</TDLINE>
      </TLINE>
      <TLINE>
       <TDFORMAT>AS</TDFORMAT>
      </TLINE>
      <TLINE>
       <TDFORMAT>U1</TDFORMAT>
       <TDLINE>&amp;DEPENDENCIES&amp;</TDLINE>
      </TLINE>
      <TLINE>
       <TDFORMAT>AS</TDFORMAT>
      </TLINE>
      <TLINE>
       <TDFORMAT>U1</TDFORMAT>
       <TDLINE>&amp;EXAMPLE&amp;</TDLINE>
      </TLINE>
      <TLINE>
       <TDFORMAT>AS</TDFORMAT>
      </TLINE>
     </LINES>
    </item>
   </LONGTEXTS>
  </asx:values>
 </asx:abap>
</abapGit>
